first_name,last_name,position,state,age,salary,education,experience
Canfield,Ian,Staff,MN,38,75000,Master,7
Waller,Aiden,Jr.Staff,KS,40,54000,Bachelor,3
Berg,Santiago,Jr.Staff,MD,62,54000,Bachelor,6
Jeffers,Braden,Staff,NY,31,83000,Master,2
White,Fox,Jr.Staff,MD,49,56000,Bachelor,7
Taylor,Loyal,Staff,PA,73,104000,Master,4
Lewis,Berenice,Jr.Staff,CO,44,37000,Bachelor,9
Azulai,Noam,Intern,PA,47,19000,Bachelor,1
Lucciardi,Frencesco,Staff,CA,23,75000,Master,3
Pace,Javier,Intern,WI,59,25000,Associate,2
Nunnally,Bruna,Jr.Staff,NV,32,53000,Bachelor,3
Kis,Jan,Jr.Staff,CA,32,52000,Bachelor,10
Ellison,Brianna,Jr.Staff,SC,25,59000,Bachelor,4
Lee,Frayne,Staff,SC,37,83000,Bachelor,9
Odom,Jason,Staff,MT,49,60000,Bachelor,4
Piper,Jesse,Intern,GA,29,14000,H.S.,1
Burghardt,Paul,Staff,UT,60,85000,H.S.,5
Smith,Louisa,Intern,KS,48,35000,Bachelor,1
Cantrell,Adam,Intern,MD,36,27000,Master,1
Reagan,Denise,Intern,MA,19,12000,H.S.,1
Bell,Phyllis,Staff,MN,53,63000,Ph.D.,4
Clarke,Selina,Jr.Staff,CT,26,38000,Associate,11
Zielke,Lucas,Jr.Staff,TX,49,45000,Bachelor,6
Rios,Hunter,Staff,KY,19,69000,Master,2
Prather,Kelsey,Staff,NY,53,104000,Master,2
Link,Alexis,Intern,CT,54,24000,Associate,1
Quintanilla,Omar,Jr.Staff,VA,26,57000,Bachelor,3
Crosby,Landon,Staff,UT,40,96000,Master,11
Gould,Rylee,Intern,FL,44,19000,Bachelor,1
Ott,Kaylee,Jr.Staff,CT,75,36000,Associate,4
Mcmillan,Melanie,Intern,MT,72,15000,Bachelor,1
Stenhammar,Jonas,Jr.Staff,MT,47,52000,Bachelor,9
Gustavsson,Eetu,Staff,GA,55,103000,Master,4
Bauman,Arturo,Jr.Staff,TX,56,40000,Associate,1
Qualls,Jaden,Staff,DE,39,92000,Master,11
Bell,Daphne,Staff,CA,68,92000,Ph.D.,9
Earl,Kimora,Staff,PA,72,76000,Master,6
Teets,Livia,Staff,AL,20,103000,Master,11
Tanner,Donovan,Jr.Staff,HI,47,59000,Bachelor,4
Kukk,Lukas,Intern,GA,52,30000,Associate,1
Graves,Oscar,Manager,MN,71,150000,Ph.D.,9
Mack,Tucker,Jr.Staff,CA,33,40000,Bachelor,10
Nelson,Breanna,Staff,AR,38,90000,Master,3
Mosher,Wesley,Staff,GA,24,92000,Master,1
Bell,Amy,Jr.Staff,MA,58,48000,Master,2
Chavarria,Shawn,Staff,ID,46,98000,Master,7
Davis,Bevis,Staff,NY,64,100000,Master,6
Wood,Garfield,Jr.Staff,PA,32,46000,Bachelor,4
Austerlitz,Leon,Intern,CT,31,32000,Bachelor,2
Hurst,Bennett,Staff,CA,64,78000,Master,9
Mabry,Jaylen,Staff,NY,29,67000,Master,9
Delvalle,Riley,Staff,PA,26,79000,Master,5
Worrell,Lucas,Jr.Staff,AZ,49,47000,Master,2
Williams,Selina,Jr.Staff,GA,19,47000,Master,2
Fry,Reiko,Intern,IL,25,30000,Associate,2
Hunt,Haley,Intern,NY,67,29000,Bachelor,1
Marrero,Alexis,Jr.Staff,CA,68,46000,Bachelor,4
Golan,Hallah,Jr.Staff,HI,73,45000,Bachelor,10
Forte,Janiyah,Staff,KY,38,60000,Bachelor,3
Walker,Matthew,Jr.Staff,UT,25,43000,Bachelor,9
Donini,Venere,Jr.Staff,MA,35,57000,Bachelor,11
Juhasz,Anna,Staff,GA,22,101000,Bachelor,6
Rochkes,Jonas,Director,CT,56,203000,Master,19
Marek,Adam,Intern,KS,59,33000,H.S.,1
Polk,Dominic,Staff,VT,69,74000,Master,11
Vesely,Matej,Staff,CA,48,100000,Master,7
Bohannon,Isaiah,Staff,CA,44,89000,Master,9
Esparza,Tyson,Jr.Staff,NH,37,53000,Bachelor,7
Allen,Haile,Jr.Staff,MA,53,57000,Bachelor,1
Halliday,Lorrie,Staff,CA,35,71000,Master,10
Lee,Heavynne,Staff,ID,45,104000,Master,1
Hill,Francis,Staff,NV,55,76000,Master,5
King,Margaret,Intern,CT,28,13000,H.S.,1
Hightower,Madyson,Staff,CT,53,61000,Bachelor,5
Aponte,Darius,Staff,MN,69,76000,Master,10
Renfrow,Gertha,Staff,NY,59,104000,Master,11
Luik,Jonas,Staff,PA,77,74000,Master,6
Dodge,Manuel,Jr.Staff,NM,20,55000,Bachelor,2
Jonsson,Eetu,Staff,RI,33,103000,Master,6
Harris,Zed,Intern,WY,27,17000,H.S.,1
Hudgins,Isabel,Jr.Staff,VT,61,53000,Bachelor,3
Clark,Hampton,Intern,IA,58,29000,Bachelor,1
Kucera,Tomasz,Jr.Staff,MD,45,59000,Bachelor,3
Tang,Jessica,Jr.Staff,GA,20,37000,Bachelor,10
Patel,Laura,Staff,GA,26,62000,Bachelor,6
Allen,Fairly,Staff,CA,23,66000,Master,10
Johnson,Garfield,Staff,IL,40,94000,Bachelor,1
Vandervort,Stewart,Staff,NV,32,105000,Master,8
Persson,Emma,Jr.Staff,MN,49,45000,Bachelor,4
Tucker,Elliott,Intern,AR,51,13000,Associate,1
Amos,Cooper,Intern,NH,74,20000,Associate,1
English,Miles,Staff,MN,50,70000,Master,9
Harris,Hirom,Staff,CA,70,88000,Bachelor,9
Williams,Filbert,Staff,PA,25,88000,Bachelor,9
Clarke,Irene,Intern,ID,57,23000,Associate,2
Willey,Matthew,Intern,RI,66,30000,Associate,1
Lindberg,Linnea,Intern,GA,32,12000,H.S.,2
Haugen,Elin,Staff,AR,49,70000,Master,4
Smallwood,Aubrey,Jr.Staff,MT,29,44000,Associate,2
Hollis,Jayson,Jr.Staff,MN,72,45000,Bachelor,6
Evans,Tilly,Staff,AL,47,93000,Master,7
Hendricks,Dylan,Staff,CO,66,77000,Master,3
Lee,Selina,Jr.Staff,CO,73,36000,H.S.,10
Morgan,Phineas,Staff,NY,19,73000,Master,7
Cooper,Daphne,Jr.Staff,TX,41,40000,Associate,4
Pedersen,Joona,Staff,NY,36,102000,Master,7
Young,Sherman,Jr.Staff,AL,49,54000,Bachelor,6
Doe,Preston,Staff,MT,63,106000,Master,6
Scott,Melanie,Staff,IA,22,93000,Master,4
Bell,Corby,Staff,PA,53,62000,Bachelor,1
Walker,Phillip,Staff,NV,52,96000,Master,4
Robinson,Cristian,Intern,AL,73,20000,Bachelor,1
Lipscomb,Jakob,Staff,PA,19,79000,Master,2
King,Harlan,Jr.Staff,AL,68,49000,Master,6
Clevenger,Cheyenne,Intern,MN,72,26000,Bachelor,1
Vale,Lynda,Jr.Staff,CA,30,43000,Associate,10
Weston,Maximilian,Jr.Staff,TX,29,57000,Bachelor,6
Chen,Yuval,Jr.Staff,DE,58,59000,Bachelor,2
Korhonen,Malin,Jr.Staff,MA,61,39000,Bachelor,7
Slade,Corey,Jr.Staff,NY,65,57000,Bachelor,4
Walker,Farrah,Staff,SC,55,86000,Bachelor,10
Kappmeyer,Jonas,Intern,KS,57,15000,Bachelor,1
James,Duff,Staff,GA,61,65000,Bachelor,5
Green,Holiday,Jr.Staff,UT,52,57000,Bachelor,4
Cox,Pablo,Staff,MI,46,98000,Master,2
Koster,Alexander,Jr.Staff,NJ,59,43000,Bachelor,3
Collins,Michael,Jr.Staff,PA,50,51000,Bachelor,2
Johnson,Cordelia,Staff,NY,37,96000,Master,5
Green,Duff,Jr.Staff,VT,51,47000,Master,11
Peretz,Roni,Staff,MA,35,87000,Master,8
Becnel,Cythia,Staff,IA,71,68000,Master,10
Hightower,Kylee,Staff,SC,45,65000,Bachelor,10
Pettersson,Nora,Staff,CO,50,105000,Master,4
Jarvis,Brielle,Intern,WY,66,28000,Master,2
Madonna,Terisa,Staff,TX,62,94000,Master,9
Olofsson,Oscar,Sr.Staff,RI,77,125000,Master,25
Morgan,Hillary,Intern,MO,40,29000,Bachelor,1
Nemeth,Theresa,Jr.Staff,GA,22,51000,Bachelor,10
Bowers,Eduardo,Intern,PA,70,29000,Bachelor,1
Novak,Anna,Staff,MT,68,92000,Master,6
Morgan,Carter,Jr.Staff,MD,64,52000,Bachelor,2
Kaasik,Diana,Jr.Staff,GA,23,59000,Master,8
Racz,Vojtech,Staff,NY,26,77000,Master,8
James,Irene,Staff,WA,70,68000,Master,2
Amador,Luna,Jr.Staff,IA,38,42000,Associate,9
Parn,Robin,Intern,GA,42,14000,H.S.,2
Tilley,Brett,Staff,GA,66,101000,Ph.D.,5
Davies,Addison,Director,CO,53,204000,Master,20
Guyton,Avery,Sr.Staff,IL,32,141000,Master,18
Hogans,Lakisha,Jr.Staff,NY,39,46000,Master,10
Goldstein,Lily,Staff,CT,74,84000,Master,6
Wright,Emma,Jr.Staff,CA,74,59000,Bachelor,5
Staley,Jada,Intern,CA,68,14000,H.S.,1
Merizzi,Ulrico,Director,UT,38,216000,Ph.D.,15
Segel,Nicol,Jr.Staff,MA,67,45000,Bachelor,7
Langston,Maximilian,Staff,NM,38,100000,Master,3
Novak,Jan,Staff,CA,20,63000,Bachelor,4
Swindler,Kylee,Jr.Staff,AZ,68,57000,Bachelor,8
Coon,Bryce,Staff,MT,46,90000,Master,1
Saar,Katerina,Staff,ID,71,86000,Bachelor,5
Geary,Emely,Jr.Staff,MN,50,58000,Bachelor,3
Boccapecci,Minerva,Staff,CT,25,108000,Master,1
Burger,Dean,Staff,CA,35,94000,Master,2
Hatch,Lucas,Staff,UT,47,76000,Master,5
Huges,Phyllis,Jr.Staff,MD,70,47000,Master,2
Cohen,Rachel,Sr.Staff,NY,69,117000,Master,14
Varner,Brody,Jr.Staff,WI,62,39000,Bachelor,31
Taylor,Jennessa,Jr.Staff,PA,56,56000,Master,7
Simons,Stella,Jr.Staff,GA,76,39000,Bachelor,6
Kott,Fawn,Staff,CA,35,92000,Master,7
Haney,Elijah,Jr.Staff,NM,74,55000,Bachelor,7
Goddard,Wesley,Staff,NY,45,73000,Master,10
Monk,Kai,Staff,MA,55,100000,Master,9
Beaver,Anthony,Jr.Staff,MN,75,51000,Bachelor,3
Smith,Henry,Intern,MA,37,14000,H.S.,1
Segel,Tamar,Staff,PA,48,100000,Master,2
Williams,Clem,Staff,CA,43,73000,Master,9
Mordasini,Fiorenza,Staff,VT,61,96000,Master,3
Stubbs,Brady,Intern,NM,67,14000,H.S.,3
Downs,Harmony,Staff,ID,63,80000,Master,1
Doherty,Cody,Jr.Staff,CT,34,57000,Bachelor,9
Shapira,Yuval,Intern,HI,20,24000,Master,1
Matos,Aaron,Intern,NY,65,28000,Master,1
Carrier,Ariana,Staff,MT,56,61000,Bachelor,7
Vigil,Jonathan,Staff,ID,59,83000,Bachelor,10
Gabai,Julian,Staff,CA,65,96000,Bachelor,6
Kyle,Lukas,Intern,WA,49,28000,Master,2
Gustafsson,Juho,Staff,MT,39,70000,Master,6
Tal,Mary,Staff,OH,74,79000,Master,5
Wright,Zander,Staff,AZ,34,67000,Master,2
Dahan,Amit,Staff,VT,37,68000,Master,1
Harrison,Joseph,Staff,MA,50,75000,Master,5
Morgan,Heavynne,Staff,DE,39,72000,Master,6
Trinci,Cataldo,Jr.Staff,NY,38,38000,Associate,3
Scott,Edwin,Staff,NJ,20,75000,Master,4
Cary,Scott,Jr.Staff,WY,35,41000,H.S.,4
Guzman,Fabian,Staff,WY,20,103000,Master,5
Reid,Jake,Jr.Staff,GA,31,58000,Bachelor,4
Nemec,Lukas,Staff,CA,49,86000,H.S.,9
Evans,Frayne,Intern,NV,53,16000,Associate,1
Racz,Theresa,Jr.Staff,MA,32,55000,Bachelor,7
Szucs,Tomas,Intern,CA,63,35000,Bachelor,1
Fontenot,Brock,Staff,WA,36,97000,Master,3
Paige,Hudson,Jr.Staff,MA,23,36000,Associate,11
Kearns,Mariana,Staff,MD,38,70000,Master,8
Bassham,Julietta,Intern,MD,70,18000,Bachelor,1
Johnsen,Lauri,Staff,MN,62,108000,Bachelor,9
Glenn,Emiliano,Jr.Staff,MI,54,43000,Associate,8
Yosef,Itai,Jr.Staff,WI,25,37000,Associate,2
Canigiani,Taddeo,Jr.Staff,CA,64,52000,Bachelor,4
Bohannon,Mario,Staff,AR,68,100000,Master,5
Mclain,Luke,Jr.Staff,MA,65,52000,Bachelor,8
Watson,Jocelyn,Staff,MN,28,83000,Master,10
Dorman,Shawn,Intern,NY,60,17000,H.S.,1
Sordelli,Bernardo,Jr.Staff,MO,23,37000,Bachelor,10
Davis,Tracey,Jr.Staff,UT,52,44000,Associate,11
Lyons,Melanie,Jr.Staff,AZ,75,52000,Bachelor,5
Moulton,Melanie,Jr.Staff,NY,68,50000,Bachelor,8
Kale,Tommy,Staff,NY,50,73000,Master,7
Vesely,Anna,Jr.Staff,OH,25,40000,Associate,9
Spitzy,Tim,Intern,MD,65,34000,Bachelor,1
Dill,Jonas,Staff,OH,56,107000,Master,5
Krin,Michael,Staff,CO,49,97000,Master,3
Bell,Angela,Manager,KS,56,156000,Master,8
Page,Larry,Director,MI,43,285000,Master,18
Menjivar,Maynard,Staff,TX,75,76000,Master,8
Du,Crissy,Staff,CA,26,61000,Bachelor,9
Nilsen,Ida,Intern,IA,65,19000,Associate,2
Altichioro,Rebecca,Intern,PA,61,18000,Associate,1
Benavides,Aden,Staff,CA,43,95000,Master,7
Veltri,Lizzette,Intern,KS,72,13000,Associate,2
Zabel,Lucas,Jr.Staff,HI,50,52000,Bachelor,4
Crawford,Alfredo,Intern,MA,69,30000,Associate,1
Cheng,Andres,Sr.Staff,MT,54,144000,Master,10
Cohen,Mosheh,Staff,MO,65,65000,Bachelor,1
Svensson,Wilma,Staff,CO,68,73000,Master,10
Kohler,Ayden,Jr.Staff,SD,60,43000,Bachelor,2
Morgan,Cadence,Jr.Staff,NV,77,38000,Associate,1
Pryor,Charlotte,Intern,PA,29,32000,Bachelor,1
Jaconelli,Crescenza,Manager,VA,23,150000,Ph.D.,11
Buzzacarina,Crescenza,Intern,MA,60,14000,H.S.,1
Scott,Margery,Jr.Staff,CO,26,40000,Associate,2
Gaskins,Oscar,Director,UT,28,220000,Ph.D.,10
Mena,Kaden,Intern,AL,60,13000,Associate,1
Wegener,Tobias,Staff,GA,74,80000,Master,6
Workman,Dominick,Staff,NY,61,94000,Master,7
Marino,Felix,Staff,GA,41,80000,Master,2
Larsson,Wilma,Intern,MT,28,17000,Bachelor,1
Palma,Pablo,Staff,GA,58,101000,Ph.D.,2
Lindberg,Ingrid,Intern,TX,38,29000,Bachelor,1
Laterano,Teresa,Staff,KS,73,107000,Master,7
David,Majd,Jr.Staff,MD,70,44000,Associate,11
Reese,William,Staff,UT,48,61000,Bachelor,7
Kemle,Alexander,Jr.Staff,AZ,49,41000,H.S.,8
Pickell,Hiroko,Jr.Staff,NY,22,51000,Bachelor,10
Warner,Pablo,Intern,TX,69,26000,Bachelor,1
Svensson,Aleksi,Staff,PA,59,86000,H.S.,4
Smith,Raleigh,Jr.Staff,PA,19,59000,Bachelor,3
Mayo,Brandon,Staff,CO,20,61000,H.S.,9
Thacker,Pablo,Intern,NM,25,21000,Associate,1
Nguyen,Charlotte,Intern,DE,62,34000,Associate,2
Richard,Jayce,Staff,UT,73,101000,Master,10
Davies,Edmund,Jr.Staff,HI,39,54000,Bachelor,7
Parker,Tilly,Intern,NY,76,32000,Bachelor,1
Forsythe,Junie,Jr.Staff,ND,35,57000,H.S.,5
Parks,Luke,Staff,MT,39,73000,Master,10
Persson,Alice,Intern,MN,46,25000,Associate,1
Evans,Eliah,Intern,PA,68,23000,Associate,2
Davis,Clover,Staff,PA,61,72000,Master,10
Calderon,Marcus,Staff,HI,66,97000,Master,8
Pritchard,Shawn,Jr.Staff,AZ,44,39000,Bachelor,2
Thomas,Eleanor,Jr.Staff,MA,22,37000,Associate,1
Wood,Tracey,Intern,WY,37,16000,Bachelor,1
Burk,Joanna,Manager,ND,19,150000,Master,9
Wismer,Ahmed,Staff,MN,39,95000,Master,7
Chapa,Jason,Staff,OR,62,83000,Bachelor,9
Hawks,Destiny,Director,CO,32,205000,Ph.D.,11
Cardia,Rachele,Intern,CA,39,27000,Bachelor,1
Chang,Madeleine,Jr.Staff,TX,71,54000,Bachelor,10
Mitchell,Shirlyn,Intern,NY,38,26000,Bachelor,1
King,Katherine,Intern,CA,62,30000,Associate,1
Saar,Karolina,Intern,CO,35,21000,Associate,1
Coats,Eliana,Staff,CA,73,100000,Bachelor,11
Greer,Evan,Jr.Staff,CA,22,40000,Bachelor,4
Walker,Hazelle,Jr.Staff,MT,24,58000,Bachelor,11
Hadad,Roni,Intern,GA,73,31000,Bachelor,1
Giacomini,Teodosia,Staff,GA,76,103000,Master,2
Owen,Judah,Intern,ND,65,29000,Bachelor,1
Nugent,Paul,Staff,MT,58,63000,H.S.,10
Gal,Kristina,Jr.Staff,VT,41,56000,Bachelor,2
Peoples,Charles,Intern,CT,71,19000,Bachelor,1
Ardizzone,Vito,Staff,ND,66,73000,Master,2
Pederson,Aidan,Staff,CA,53,90000,Master,6
Scott,Haile,Staff,ID,23,90000,Master,11
Batdorf,Angelita,Staff,CA,42,71000,Master,6
Scott,Virginia,Staff,CA,45,103000,Master,7
Gordini,Sempronia,Jr.Staff,MN,38,39000,Bachelor,10
Mccaffrey,Tran,Jr.Staff,CT,22,50000,Bachelor,3
Juhasz,Anna,Jr.Staff,MT,61,46000,Master,7
Venturini,Vittore,Jr.Staff,WY,59,43000,Associate,5
Allen,Tilly,Director,AR,63,220000,Master,19
Wooge,Lukas,Intern,CA,78,12000,H.S.,2
Terrell,Aiden,Staff,FL,51,102000,Master,7
Ottoz,Sabina,Staff,MA,68,79000,Bachelor,9
Whiting,Ashton,Jr.Staff,MD,66,39000,Bachelor,1
Donadio,Trinidad,Staff,CO,73,75000,Master,6
Stearns,Kathryn,Staff,AR,67,109000,Bachelor,7
Yitzchak,Hallah,Jr.Staff,CA,49,37000,Associate,6
Wolfe,Ana,Manager,NH,41,150000,Bachelor,14
Wilson,Ivi,Staff,AL,40,97000,Master,1
Scott,Ivie,Staff,KS,38,66000,Master,10
Ziegler,Braydon,Staff,PA,37,71000,Master,2
Biton,Julian,Staff,MN,47,72000,Master,4
Lewis,Hannah,Staff,NY,27,86000,Bachelor,5
Witt,Blake,Staff,CA,53,103000,Master,2
Fortin,Liam,Intern,MA,49,26000,Bachelor,1
Hall,Errol,Intern,DE,49,26000,Bachelor,1
Greer,Braydon,Jr.Staff,MA,35,47000,Master,2
Hanley,Tanner,Staff,AZ,44,101000,Ph.D.,11
Bell,Linus,Staff,CA,23,95000,Master,4
Phillips,Raleigh,Staff,NM,73,88000,Bachelor,7
Roberts,Margaret,Staff,TX,61,106000,Bachelor,3
Huges,Cordelia,Intern,KY,22,35000,Bachelor,1
Moore,Cynthia,Jr.Staff,AL,68,55000,Bachelor,8
Cote,Marcos,Jr.Staff,HI,25,42000,Associate,4
Anderson,Jennie,Staff,HI,71,78000,Master,7
Pemberton,Scott,Staff,IL,29,96000,Bachelor,1
Carney,Logan,Staff,TX,40,98000,Ph.D.,9
Turner,Clara,Staff,NY,31,70000,Master,10
Cutler,Hunter,Manager,MT,45,150000,Master,13
Barbour,Jocelyn,Staff,KY,37,64000,Bachelor,11
Jones,Clay,Intern,NY,37,18000,H.S.,2
Thomas,Hannah,Jr.Staff,ND,41,59000,Master,10
Meistreich,Maximilian,Staff,ID,43,91000,Master,3
Edmondson,Moises,Intern,HI,20,19000,Associate,1
Sprague,Autumn,Jr.Staff,NH,63,47000,Master,4
Hyun,Frieda,Jr.Staff,ND,28,41000,H.S.,5
Allen,Harlow,Intern,ND,52,23000,Associate,1
Robinson,Richard,Intern,NY,75,27000,Master,1
Busch,Xavier,Jr.Staff,HI,48,39000,Bachelor,2
Mangoni,Octavia,Intern,GA,31,32000,Bachelor,1
Wilson,Phineas,Staff,PA,61,90000,Bachelor,9
Harley,Joseph,Staff,DE,43,68000,Master,11
Wallace,Grayson,Jr.Staff,TX,28,45000,Bachelor,8
Kocsis,Nikola,Jr.Staff,IL,71,48000,Master,3
Wright,Melissa,Jr.Staff,GA,23,39000,Bachelor,11
Santelli,Georgetta,Staff,MT,23,82000,Master,10
Walker,Stephen,Director,NY,58,217000,Master,21
King,Fiona,Intern,ND,20,26000,Bachelor,1
Chang,Max,Intern,KS,47,25000,Master,1
Roberts,Hermoine,Staff,CT,41,71000,Master,9
Grigsby,Jackson,Jr.Staff,NH,65,37000,Bachelor,9
Watson,Jarod,Staff,NY,64,64000,Bachelor,5
Johansen,Isak,Staff,WY,34,90000,Master,10
White,Naomi,Staff,AR,22,80000,Master,4
Silverman,Abel,Staff,AL,52,99000,Master,6
James,Amanda,Jr.Staff,CT,59,58000,Bachelor,4
Kim,Grayson,Staff,MT,32,65000,Bachelor,5
Arrington,Sophia,Intern,MA,31,18000,Associate,1
Mckenna,Kyleigh,Jr.Staff,CT,53,46000,Bachelor,2
Newsom,Lauren,Staff,WY,27,98000,Bachelor,8
Deleon,Peter,Director,MD,45,218000,Master,14
King,Thomas,Jr.Staff,PA,46,50000,H.S.,1
Davis,Tambre,Sr.Staff,MA,49,110000,Master,11
Turner,Gaye,Staff,RI,34,96000,Master,10
Quijas,Ciera,Jr.Staff,WY,37,58000,Bachelor,3
Tice,Celestine,Intern,KS,48,18000,Associate,1
Rebane,Marek,Intern,FL,30,17000,Bachelor,1
Spence,Brody,Intern,GA,53,33000,Bachelor,1
Magi,Stanislaw,Staff,NY,71,104000,Master,9
Bastedo,Lia,Staff,WA,27,89000,Master,8
Johansen,Alexander,Jr.Staff,FL,31,48000,Master,11
Singleton,Garrett,Staff,CT,47,109000,Master,4
Gabai,Rachel,Staff,TX,35,62000,Bachelor,2
Yosef,Uri,Staff,MA,28,79000,Master,5
Fausto,Raimondo,Staff,AZ,59,62000,Ph.D.,6
Green,Judith,Staff,VT,35,88000,Master,8
Turner,Hermoine,Jr.Staff,ND,19,37000,Bachelor,10
Northrup,Jonie,Jr.Staff,NY,19,39000,Bachelor,9
Anderson,Andrew,Intern,CO,44,25000,Bachelor,1
Stroud,Naomi,Staff,IA,56,74000,Master,5
Ghini,Teodato,Intern,CA,63,14000,H.S.,1
White,Chloe,Staff,UT,31,96000,Master,5
Bray,Reagan,Jr.Staff,NY,40,39000,Associate,6
Joyner,Finn,Jr.Staff,MA,70,45000,Associate,8
Shafer,Isabel,Intern,MA,41,18000,Bachelor,1
Bengtsson,Kristian,Staff,NM,52,81000,Master,3
Bell,Frye,Jr.Staff,ND,46,36000,Associate,6
Kaasik,Katerina,Intern,CA,20,21000,Associate,1
Levesque,Jordan,Staff,AL,25,60000,Master,11
Ben-David,Noa,Intern,MI,72,28000,Master,1
Lord,Ashlyn,Staff,CO,28,105000,Master,6
Phillips,Monica,Jr.Staff,AL,65,40000,Associate,2
Wiggins,Maya,Staff,MN,52,95000,Master,5
Buchanan,Lila,Intern,DE,77,18000,Bachelor,1
Plone,Anna,Staff,WI,67,79000,Master,5
Kraus,Damien,Jr.Staff,NJ,26,37000,Bachelor,1
Peranio,Jasper,Staff,WI,22,87000,Master,1
Haugen,Arttu,Staff,OH,44,103000,Master,1
Ciaravella,Giuseppa,Sr.Staff,FL,62,130000,Master,19
Patel,Amanda,Staff,GA,32,107000,Master,4
Doss,Peter,Jr.Staff,CA,55,53000,Bachelor,5
Pavoni,Calogera,Intern,SD,27,19000,Associate,1
Chandler,Corbin,Jr.Staff,PA,61,48000,Master,7
Wood,Hollye,Intern,MA,53,16000,Associate,1
Rock,Miguel,Staff,GA,70,68000,Master,9
Pescosolido,Giustina,Intern,OH,55,31000,Bachelor,1
Jensen,Agnes,Staff,GA,59,99000,Bachelor,5
Maust,Jeffry,Staff,NY,34,104000,Master,2
Ward,Ivie,Jr.Staff,ND,34,51000,Bachelor,3
Harp,Francisco,Staff,PA,35,97000,Master,6
Byrne,Trenton,Jr.Staff,IA,46,45000,Associate,3
Manucci,Carlotto,Staff,MA,26,69000,Master,1
Otero,Sawyer,Jr.Staff,SC,35,47000,Master,5
Johnson,Fordon,Jr.Staff,NY,35,41000,H.S.,9
Davies,Naomi,Staff,MD,65,71000,Master,9
Roberts,Honoria,Jr.Staff,DE,48,41000,H.S.,7
McClelland,Jaslene,Intern,NH,73,23000,Master,1
Bergomi,Cionata,Jr.Staff,MD,72,42000,Associate,5
Amador,Nataly,Staff,NM,31,108000,Bachelor,7
Silver,Isaac,Jr.Staff,PA,47,38000,Associate,7
Jensen,Shayla,Staff,PA,32,79000,Bachelor,4
Moore,Melissa,Staff,NJ,76,93000,Master,7
Foreman,Jared,Intern,MN,68,18000,Bachelor,2
Johnsen,Elias,Intern,PA,45,23000,Associate,2
Newsom,Kara,Jr.Staff,TX,35,40000,Associate,4
Marvin,Briana,Staff,HI,58,104000,Master,4
Nettles,Dominic,Jr.Staff,CA,55,39000,Bachelor,3
Pettersson,Elin,Staff,MA,71,100000,Master,8
Anglin,Cayden,Sr.Staff,UT,48,126000,Master,9
Allen,Maitland,Jr.Staff,MA,53,41000,H.S.,6
Hiatt,Ayden,Staff,KY,66,62000,Bachelor,4
Pearson,Antonio,Intern,GA,39,13000,Associate,1
Falconieri,Rosari,Staff,WA,67,106000,Master,5
Maazel,David,Jr.Staff,IL,67,43000,Bachelor,4
Anderson,Alair,Staff,UT,20,85000,Master,10
Hauff,Tandy,Staff,MD,48,95000,Master,3
Moshe,Mariah,Intern,CT,63,25000,Associate,1
Kask,Anna,Intern,MA,76,15000,Bachelor,1
Carroll,Phillip,Staff,MN,32,108000,Master,3
Harrington,Joel,Jr.Staff,NY,66,40000,Associate,6
Mitchell,Tambre,Jr.Staff,MA,70,41000,H.S.,1
Mazzei,Casey,Staff,WI,20,75000,Master,9
Gipson,Brandon,Jr.Staff,GA,56,40000,Bachelor,9
Cintron,Iris,Intern,NY,45,22000,Bachelor,1
Ghini,Onofredo,Jr.Staff,NY,71,42000,Associate,10
Jensen,Lucas,Jr.Staff,MI,34,59000,Bachelor,3
Jeanlouis,Rita,Intern,FL,26,34000,Associate,1
Fibonacci,Giulana,Staff,UT,53,91000,Master,9
Bell,Marcus,Staff,AL,22,63000,H.S.,6
Fraley,Eduardo,Staff,KS,74,62000,Bachelor,8
Johnson,Vaughn,Staff,NM,44,77000,Master,5
Brownlee,Raymond,Intern,CA,28,30000,Associate,2
Naquin,Alec,Staff,TX,58,89000,Ph.D.,8
Hidalgo,Rachel,Jr.Staff,MT,58,36000,Associate,1
Mays,Vincent,Intern,MD,53,25000,Associate,1
Compton,Connor,Staff,IL,23,99000,Master,10
Mitchell,Gwendolyn,Intern,MT,47,33000,Bachelor,1
Good,Dominic,Jr.Staff,NJ,40,39000,Bachelor,6
Watson,Gore,Intern,AR,19,25000,Associate,1
Candeloro,Lisa,Intern,CO,43,23000,Associate,1
Klein,Mariam,Staff,CA,72,91000,Master,5
Novotny,Sandra,Intern,TX,73,31000,H.S.,2
Patel,Faylin,Staff,ID,32,81000,Master,10
Cohen,Bashar,Intern,TX,44,28000,Master,1
Murry,Gregory,Staff,KS,26,82000,Master,2
Houck,Jamie,Intern,CO,29,27000,Bachelor,1
Clark,Carter,Staff,UT,34,102000,Master,2
Pool,Alan,Staff,NM,25,97000,Master,3
Knapp,Shane,Manager,PA,62,169000,Bachelor,12
Peretz,Julian,Staff,PA,19,93000,Master,5
Dahan,Roni,Jr.Staff,CA,60,48000,Master,11
Gregg,Josiah,Staff,CA,67,87000,Master,9
Morris,Harper,Intern,NM,49,31000,H.S.,2
Dowdy,Brody,Jr.Staff,RI,43,49000,Master,8
Bontempi,Angela,Jr.Staff,WY,26,44000,Bachelor,2
Jansson,Trond,Intern,NC,26,13000,H.S.,1
Takacs,Adam,Staff,MN,40,80000,Bachelor,2
Morris,Darcie,Intern,MN,43,25000,Associate,1
Keyes,Erick,Staff,GA,23,101000,Ph.D.,9
Trent,Daniel,Staff,IA,58,65000,Bachelor,3
David,Elias,Staff,WI,58,67000,Master,10
Cloutier,Jayson,Staff,VT,48,73000,Master,7
Edmond,Sydney,Intern,CO,44,31000,Bachelor,1
Florence,Malachi,Staff,OR,30,67000,Master,2
Moran,Armando,Staff,TX,71,92000,Master,4
Riker,Wan,Intern,MA,28,31000,Bachelor,2
Jacobsen,Julie,Staff,NY,25,64000,Bachelor,5
Wright,Shelly,Staff,VT,43,75000,Master,6
Wilson,Holiday,Staff,CO,43,92000,Master,3
Lee,Joann,Jr.Staff,MA,31,56000,Bachelor,10
Curran,Owen,Staff,MN,58,97000,Master,4
Baker,Beatrice,Staff,AR,31,101000,Master,10
Smith,Chick,Jr.Staff,MD,73,40000,Bachelor,3
Scheerer,Lilly,Intern,MD,56,32000,Bachelor,1
Gauthier,Bryson,Staff,KY,30,104000,Master,5
Gurley,Sydney,Intern,MD,31,33000,Bachelor,1
Lehrer,Jon,Staff,ND,68,74000,Master,4
Jaconelli,Marietta,Intern,MT,34,30000,Bachelor,1
Nieminen,Sara,Jr.Staff,CT,26,36000,H.S.,5
Ricker,Makenzie,Jr.Staff,ID,62,56000,Bachelor,5
Redd,Mackenzie,Staff,VA,19,92000,Master,10
Seitz,Melody,Jr.Staff,NV,75,49000,Master,10
Pope,Erick,Jr.Staff,AL,50,48000,Master,9
Athey,Clint,Staff,DE,37,96000,Bachelor,10
Cleveland,Mark,Intern,IA,74,31000,Bachelor,1
Ochion,Bashar,Staff,GA,56,102000,Master,8
Betts,Danny,Staff,CO,71,94000,Bachelor,10
Moses,Devin,Staff,CO,35,98000,Master,10
Potter,Stella,Intern,MA,27,14000,H.S.,1
Yitzchak,Yehonatan,Staff,WA,52,102000,Master,9
Healy,Ty,Staff,NM,41,106000,Master,8
Castel,Rea,Staff,WI,30,73000,Master,6
Evans,Aster,Intern,NY,52,16000,Associate,1
Lewis,Avery,Staff,CO,27,76000,Master,7
Fuss,Wilhemina,Intern,FL,70,17000,Bachelor,1
Drummond,Cruz,Intern,NY,45,15000,Bachelor,1
Chazan,Yosef,Staff,PA,76,104000,Bachelor,5
Friedman,Carol,Staff,CA,76,104000,Master,2
Pedersen,Kristian,Staff,GA,64,98000,Master,4
Pavoni,Stefano,Intern,CO,38,26000,H.S.,1
Pirandello,Clarice,Staff,MN,44,84000,Master,4
Mckay,James,Staff,ID,77,63000,Bachelor,3
English,Giovanni,Intern,VA,66,35000,Bachelor,1
Todd,Josiah,Staff,NY,48,79000,Master,7
Barrachina,Eugenio,Staff,IL,70,100000,Master,10
Ilves,Ondrej,Staff,CA,43,94000,Bachelor,11
Ward,Bishop,Staff,WY,52,101000,Ph.D.,5
Morris,Howard,Staff,MN,29,72000,Master,7
Weidner,Jonas,Intern,ID,22,21000,Associate,1
Sample,Layla,Jr.Staff,MT,44,56000,Master,3
Dahan,Maya,Staff,PA,50,88000,Bachelor,10
Hawley,Brady,Staff,CT,64,86000,H.S.,2
Patitucci,Nannetta,Intern,FL,20,31000,Bachelor,1
Magi,Karolina,Intern,CA,25,33000,H.S.,3
Demaio,Cheyenne,Intern,NV,69,33000,H.S.,2
Goode,Martin,Intern,NC,19,30000,Bachelor,1
Potts,Wyatt,Staff,NY,40,63000,H.S.,3
Reynaga,Janet,Staff,DE,47,104000,Master,8
Fish,John,Jr.Staff,CT,44,46000,Master,11
Escobedo,Harrison,Staff,NY,26,86000,H.S.,5
Noakes,Oralee,Intern,NY,38,23000,Master,1
Musante,Onorato,Jr.Staff,NY,64,55000,Bachelor,1
Cananis,Maximilian,Staff,MA,59,72000,Master,7
Irizarry,Mauricio,Staff,TX,77,99000,Master,3
Roberts,Shaw,Jr.Staff,CO,36,48000,Master,8
Thompson,Stacy,Intern,NM,70,12000,H.S.,1
Dahan,Majd,Manager,ND,29,168000,Ph.D.,11
Starks,Raegan,Staff,AR,41,75000,Master,7
Corbin,Trenton,Intern,MI,48,19000,Bachelor,1
Scarlatti,Ugo,Jr.Staff,ND,77,52000,Bachelor,9
Sawyer,Jade,Staff,UT,18,81000,Master,6
Horak,Andrzej,Jr.Staff,MN,44,46000,Bachelor,4
Harris,Glennis,Jr.Staff,WY,46,41000,H.S.,3
Waggoner,Tanner,Staff,NH,62,67000,Master,5
Brando,Silvio,Staff,WI,41,81000,Bachelor,2
Jackson,Junior,Staff,DE,34,60000,Master,5
Evans,Judith,Staff,TX,44,69000,Master,5
Brown,Rachel,Jr.Staff,TX,44,59000,Bachelor,9
Thomas,Beatrice,Jr.Staff,AL,67,53000,Bachelor,3
Smith,Phillida,Jr.Staff,NY,65,56000,Master,6
Brown,Anne,Staff,SC,76,102000,Master,4
Guidry,Ismael,Staff,CO,52,82000,Master,2
Scott,Julianne,Staff,AL,22,82000,Master,6
Williams,Jefferson,Staff,MA,64,96000,Master,2
Row,Antionette,Intern,MA,46,14000,H.S.,1
Smith,Andy,Staff,HI,44,109000,Bachelor,5
Yitzchak,Noam,Intern,MD,59,20000,Bachelor,1
James,Ruben,Staff,VT,64,91000,Bachelor,4
Jackson,Farrah,Staff,TX,59,109000,Ph.D.,12
Meyers,Autumn,Intern,CA,73,24000,Master,2
Hall,Laurence,Intern,FL,29,17000,Associate,1
Blackwell,Briana,Jr.Staff,GA,38,52000,Bachelor,10
Daniels,Jeffrey,Staff,TX,60,81000,Bachelor,5
Wilkerson,Carly,Jr.Staff,CA,59,48000,Master,3
Allen,Edward,Staff,MD,42,96000,Master,6
Eccelino,Elisabetta,Jr.Staff,CA,75,53000,Bachelor,3
Saenz,Kylie,Staff,MN,60,67000,Master,11
Mitchell,Forster,Staff,AR,49,95000,Master,11
Wittenberg,Casimira,Staff,MD,36,107000,Master,5
Walker,Jennie,Staff,CO,73,78000,Master,5
Watson,Hillary,Staff,OH,55,100000,Bachelor,5
Classen,David,Staff,AZ,46,107000,Master,2
Jeter,Jayden,Jr.Staff,FL,25,44000,Associate,3
Farkas,Stephanie,Intern,NY,19,22000,Bachelor,1
Branham,Miles,Staff,NY,56,96000,Master,11
Burress,Ima,Intern,PA,33,26000,Bachelor,1
Brandt,Edgar,Staff,IL,39,65000,Bachelor,2
Nilsen,Lauri,Jr.Staff,HI,32,57000,Bachelor,1
Borromeo,Genoveffa,Jr.Staff,ND,47,39000,Bachelor,4
Richelmi,Eloisa,Intern,CT,25,30000,Associate,2
Clevenger,Matthew,Staff,CT,68,91000,Master,3
Clements,Jayden,Jr.Staff,PA,26,49000,Master,2
Malabranca,Gina,Jr.Staff,IA,26,41000,H.S.,4
Edwards,Alban,Staff,TX,27,96000,Master,5
Healy,Edwin,Intern,CA,33,16000,Associate,1
Ortega,Easton,Staff,CO,49,81000,Bachelor,3
Blakely,Raul,Staff,UT,67,78000,Master,2
Knox,Ryan,Intern,UT,40,18000,Associate,1
Ivanov,Tomasz,Staff,NY,56,84000,Master,2
Thompson,Edmund,Jr.Staff,WA,70,47000,Master,3
Harrell,Moises,Jr.Staff,VT,76,42000,Associate,2
Hill,Shaw,Staff,CA,44,83000,Master,6
Stewart,Grayson,Jr.Staff,DE,68,38000,Associate,10
Tal,Uri,Staff,CA,73,97000,Master,10
Mijares,Jamel,Staff,CA,33,68000,Master,11
Felder,Riley,Jr.Staff,MT,33,37000,Bachelor,6
West,Juliana,Jr.Staff,MD,18,42000,Associate,2
Harris,Humphrey,Intern,IA,20,18000,Associate,1
Irby,Madalyn,Intern,FL,73,21000,Associate,1
McCarter,Claire,Staff,DE,19,67000,Master,4
Palacios,Shayla,Staff,MT,20,108000,Master,2
Finiguerra,Annunciato,Jr.Staff,AR,38,41000,H.S.,21
Washington,Guadalupe,Director,WY,34,204000,Master,14
Seneca,Elisabetta,Jr.Staff,HI,39,42000,Associate,4
Eason,Isaiah,Jr.Staff,MT,21,39000,Associate,4
Thomas,Paisley,Staff,GA,70,93000,Master,3
Martin,Vaughn,Intern,ID,76,20000,Associate,2
Walker,Angela,Staff,MI,29,86000,Bachelor,10
Witherspoon,Brady,Staff,CO,59,61000,Bachelor,8
Lindsay,Sasha,Intern,CA,64,31000,Bachelor,1
Mize,Tanner,Staff,PA,32,106000,Bachelor,4
Muntz,Bell,Jr.Staff,MN,30,42000,Associate,9
Beer,Daniel,Intern,CO,35,29000,Master,1
Foust,Parker,Sr.Staff,KS,53,129000,Master,12
Pelletier,Julian,Staff,MA,28,108000,Master,2
Patel,Topper,Jr.Staff,PA,45,48000,Master,3
Kaasik,Pawel,Staff,NY,27,68000,Master,2
Farrell,Grant,Director,CA,59,204000,Master,16
Balogh,Jan,Staff,UT,68,64000,Bachelor,3
Hill,Hamilton,Staff,CA,38,85000,H.S.,8
Wright,Bridget,Jr.Staff,NM,46,49000,Master,6
Anderson,Adair,Staff,DE,61,80000,Master,7
Amar,Eden,Staff,CA,35,100000,Master,9
King,Samuel,Staff,UT,31,79000,Master,6
Wakefield,Kelly,Intern,NY,19,14000,H.S.,1
Runyon,Carmen,Intern,IA,47,28000,Master,1
Montalvo,Maria,Staff,MT,61,97000,Master,9
Wright,Jonathan,Staff,ND,19,78000,Master,3
Williams,Tracey,Jr.Staff,NY,65,46000,Master,5
Gentry,Drew,Intern,NY,44,32000,Bachelor,1
Nieminen,Matias,Staff,CT,73,87000,Master,3
Edwards,Oliver,Jr.Staff,AZ,37,50000,Bachelor,4
Garrison,Carson,Staff,UT,74,68000,Master,5
Madsen,Audrey,Staff,CA,34,71000,Master,7
Ouellette,Lincoln,Staff,NY,19,71000,Master,5
Barth,Brooklyn,Staff,CA,49,70000,Master,3
Daigle,Edwin,Director,CT,44,214000,Ph.D.,12
Phillips,Margaret,Staff,CA,62,67000,Master,2
Joy,Edgar,Staff,GA,20,64000,Bachelor,7
Ward,Beatrice,Staff,CT,72,68000,Master,8
Carr,Kayden,Intern,CA,76,31000,Bachelor,2
Magnusson,Hugo,Intern,MN,31,15000,Bachelor,1
Reagan,Miranda,Jr.Staff,NJ,40,44000,Associate,7
Gustafsson,Tobias,Staff,NY,73,83000,Bachelor,7
Whipple,Justin,Staff,MT,46,68000,Master,2
Katz,Miley,Jr.Staff,WI,40,39000,Bachelor,1
Ochion,Yosef,Staff,CA,67,61000,Bachelor,2
Eriksson,Filip,Jr.Staff,CA,33,49000,Master,3
Hamilton,Oliver,Staff,MD,56,108000,Master,7
Green,Bishop,Staff,NY,57,79000,Bachelor,10
Dunning,Megan,Intern,NY,35,13000,H.S.,2
Kaasik,Anna,Intern,PA,71,13000,H.S.,1
Hyman,Jack,Staff,WY,74,79000,Master,3
Mazzocchi,Daniele,Staff,FL,69,95000,Master,9
Cornaro,Giulana,Jr.Staff,MD,34,39000,Associate,10
Bergeron,Weston,Intern,VT,45,28000,Master,1
Levine,Braydon,Intern,AZ,40,27000,Bachelor,1
Ouellette,Nehemiah,Staff,GA,50,66000,Master,4
Levi,Uri,Staff,NV,58,79000,Bachelor,4
White,Amelia,Intern,ND,44,21000,Associate,1
Gilley,Jackson,Staff,PA,43,79000,Bachelor,11
Aguilar,Lance,Staff,NY,60,84000,Ph.D.,5
Smith,Ethel,Staff,NY,28,82000,Master,1
Di,Antonietta,Staff,AZ,28,83000,Bachelor,4
Biton,Dima,Staff,DE,19,105000,Master,2
Barcelo,Elin,Staff,CA,29,75000,Master,11
Harrison,Nicholas,Staff,CA,57,78000,Master,7
Robinson,Hannah,Intern,CT,28,26000,Bachelor,2
Svoboda,Pawel,Staff,ID,45,77000,Master,9
Thomas,Gregory,Staff,MO,76,103000,Master,2
Huges,Freed,Intern,NV,69,16000,Associate,2
Maddox,Quinn,Jr.Staff,SC,77,46000,Bachelor,5
Hall,Irisa,Staff,WY,71,63000,H.S.,5
Andersen,Siiri,Jr.Staff,CO,32,52000,Bachelor,9
Thomas,Roger,Intern,TX,26,24000,Master,1
William,Marcus,Intern,PA,37,35000,Bachelor,1
Patel,Imani,Jr.Staff,TX,44,57000,Bachelor,2
Szabo,Eliska,Jr.Staff,MD,59,48000,Master,4
Gonzalez,Drew,Sr.Staff,CA,19,121000,Master,8
King,Archer,Staff,NY,74,82000,Master,10
Free,Elizabeth,Intern,UT,25,17000,H.S.,3
Funke,Alexander,Jr.Staff,AZ,23,52000,Bachelor,3
Wicker,Rebecca,Staff,GA,44,87000,Master,6
Huges,Garth,Jr.Staff,TX,76,45000,Bachelor,9
Huges,Amelia,Staff,NY,25,73000,Master,7
Deloach,Grant,Staff,CO,47,109000,Bachelor,7
Samuels,Jasmine,Staff,IL,23,83000,Master,4
Borghese,Lavinia,Staff,NV,53,84000,Master,9
Waller,Eric,Staff,ND,39,77000,Master,4
Goddard,Mason,Intern,WI,71,30000,Bachelor,1
Park,Marcos,Staff,CT,64,74000,Master,10
Armer,Angelic,Jr.Staff,MT,51,45000,Bachelor,8
Koskinen,Leevi,Intern,TX,53,32000,H.S.,2
Amar,Michael,Jr.Staff,NV,28,58000,Bachelor,10
Clayborn,Valorie,Staff,PA,55,68000,Master,4
Wilson,Gregory,Jr.Staff,TX,24,44000,Associate,2
Martin,Reginald,Jr.Staff,WI,73,54000,Bachelor,3
Casler,Donna,Staff,NY,56,64000,Bachelor,10
Thompson,Alic,Staff,PA,53,66000,Master,2
Burrell,Genesis,Staff,UT,23,64000,H.S.,9
Young,Hillary,Staff,NV,59,102000,Master,7
Edwards,Gordy,Jr.Staff,GA,62,53000,Bachelor,6
Delarosa,Camille,Jr.Staff,GA,76,36000,Associate,5
Scaduto,Virginia,Staff,MT,45,87000,Master,6
Bruner,Brayan,Intern,AR,29,19000,Associate,1
King,Corby,Jr.Staff,CO,45,46000,Master,8
Shea,Michael,Intern,ND,41,19000,Associate,1
Selby,Owen,Staff,MA,47,84000,Master,2
Whitmore,Tyler,Staff,ND,51,105000,Master,6
Nix,Greyson,Staff,PA,25,96000,Master,9
Toy,Brittni,Staff,NY,40,75000,Master,3
Betancourt,Jakob,Jr.Staff,PA,56,41000,H.S.,6
Lee,Nathaniel,Staff,FL,24,74000,Master,7
Pineda,David,Staff,UT,67,60000,Bachelor,4
Azar,Violette,Staff,WY,73,89000,Ph.D.,10
Porter,Skylar,Intern,NY,77,12000,H.S.,2
Tal,Yuval,Intern,SC,67,34000,Bachelor,1
Scott,Jennelle,Intern,TX,67,24000,Master,1
Fugazzi,Erminia,Staff,MA,20,107000,Ph.D.,8
Littlefield,Kameron,Jr.Staff,DE,68,50000,Bachelor,4
Waldrop,Liliana,Director,FL,46,218000,Master,10
Ward,Anthony,Staff,PA,76,73000,Master,2
Turner,Sebastian,Staff,MI,56,64000,Bachelor,1
Dillon,Mario,Staff,CT,27,64000,Bachelor,2
Griffith,Chance,Intern,AZ,72,29000,Master,1
Bloom,Eva,Staff,NY,78,79000,Master,6
Olsen,Isak,Intern,MD,43,12000,H.S.,1
Erickson,Khloe,Staff,MA,65,62000,Ph.D.,6
Jensen,Ella,Jr.Staff,WY,65,55000,Bachelor,6
Persson,Siiri,Staff,AR,39,76000,Master,6
Saldana,Lane,Intern,TX,31,29000,Bachelor,1
Luther,Aidan,Staff,CT,50,106000,Master,4
Adler,Patrick,Jr.Staff,NY,67,55000,Bachelor,4
Heikkinen,Emil,Intern,KS,36,33000,Bachelor,1
Ruggiero,Girloama,Jr.Staff,ND,62,50000,Bachelor,9
Anderson,Fern,Staff,NY,71,97000,Master,2
Taylor,Louvain,Staff,AR,32,103000,Master,3
Bell,Field,Staff,CA,20,71000,Master,4
Evans,Chris,Staff,TX,67,69000,Master,3
Jones,Tiffany,Intern,MT,78,23000,Associate,1
Tatum,Mauricio,Jr.Staff,NY,44,51000,Bachelor,6
Moore,Holli,Intern,HI,65,21000,Associate,1
Ybarra,Cash,Staff,WY,34,77000,Master,2
James,Peter,Staff,CA,32,90000,Master,5
Ledesma,Esteban,Staff,MD,48,65000,Bachelor,8
Ngo,Manuel,Intern,PA,35,34000,Associate,1
Fish,Bryson,Staff,MA,38,85000,H.S.,5
Flett,Roseanna,Intern,MI,24,22000,Bachelor,1
Harris,Fern,Staff,GA,46,90000,Master,5
Jackson,Monica,Jr.Staff,IA,28,56000,Master,3
Kimball,Tucker,Staff,NM,51,107000,Ph.D.,10
Ajello,Eva,Staff,NM,41,64000,Bachelor,4
Lawton,Emmanuel,Staff,MA,29,106000,Master,8
Peralta,Joel,Staff,NV,56,74000,Master,11
Blackburn,Damien,Staff,WY,76,89000,Master,8
France,Cade,Intern,MN,19,13000,Associate,1
Lipe,Yadira,Staff,NY,30,63000,Ph.D.,7
Moorhouse,Irmgard,Intern,IA,41,24000,Master,1
Looney,Wyatt,Staff,NH,46,97000,Master,10
Ben-David,Baasal,Staff,NY,23,84000,Bachelor,10
Evans,Barnabas,Staff,MA,61,89000,Master,4
Shuler,Genesis,Jr.Staff,NV,47,48000,Master,6
Brown,Zillah,Staff,PA,36,82000,Master,7
Taylor,Archer,Jr.Staff,PA,20,57000,Bachelor,4
Martin,Amanda,Jr.Staff,MD,50,42000,Associate,3
Harris,Fairly,Staff,PA,63,83000,Master,2
Rivas,Caitlin,Jr.Staff,FL,19,49000,Master,5
Handy,Kenneth,Manager,WI,68,195000,Master,10
Morocco,Arletta,Jr.Staff,IL,47,42000,Associate,8
Jewell,Josie,Staff,MD,31,96000,Master,5
Wright,Fraley,Staff,CA,65,63000,Ph.D.,7
Mata,Chloe,Staff,KY,61,61000,Bachelor,5
Mcpherson,Marshall,Staff,AL,46,94000,Master,9
Bartlett,Joshua,Intern,CA,54,22000,Bachelor,1
Woody,Grant,Jr.Staff,OR,61,48000,Master,3
Svensson,Ingrid,Staff,TX,21,64000,Bachelor,2
Shaefer,Fabian,Jr.Staff,WY,71,36000,Associate,9
Murdock,Kailey,Intern,MA,34,23000,Associate,1
Clark,Cleave,Manager,UT,20,150000,Ph.D.,8
Hartl,Juliane,Jr.Staff,PA,65,43000,Bachelor,7
Crowell,Angel,Staff,MN,64,78000,Master,7
Kirschner,Lucas,Jr.Staff,FL,23,50000,H.S.,5
Scaligeri,Ernestina,Sr.Staff,HI,74,129000,Master,10
Newell,Hayden,Jr.Staff,TX,29,55000,Bachelor,10
Sepulveda,Kayce,Staff,AL,49,107000,Ph.D.,1
Blair,Jeremiah,Jr.Staff,VT,61,56000,Bachelor,8
Alfaro,Marcos,Intern,WY,62,28000,Master,1
Nemec,Tereza,Intern,MD,73,21000,Associate,1
Scott,Edwin,Staff,PA,32,84000,Master,1
Jacobsen,Venla,Jr.Staff,NM,43,39000,Bachelor,4
Castellani,Gaetana,Staff,WA,41,76000,Master,11
Bristow,Art,Staff,IA,68,63000,Ph.D.,9
Broussard,Mckenzie,Jr.Staff,NY,20,51000,Bachelor,6
Jarrell,Valerie,Intern,PA,61,24000,Master,1
Morin,Bryce,Staff,CT,37,88000,Master,6
Roth,Bryson,Jr.Staff,NY,65,58000,Bachelor,2
James,Chloe,Staff,WI,55,64000,Bachelor,3
Poulin,Phillip,Staff,VA,19,82000,Master,4
Rhoads,Kaden,Jr.Staff,CA,46,44000,Associate,10
Juhasz,Eliska,Intern,CO,65,34000,Associate,1
Jones,Brigham,Staff,CT,74,81000,Master,10
McCabe,Justin,Staff,GA,29,105000,Master,9
Casper,Ximena,Staff,TX,76,93000,Ph.D.,10
Abraham,Lucy,Staff,GA,23,87000,Master,9
Dahan,Sarah,Staff,MN,25,89000,Master,6
Thompson,Rufus,Intern,UT,27,23000,Master,1
Thompson,Jocelyn,Staff,NM,39,93000,Bachelor,3
Lewis,Yeardleigh,Staff,ND,34,106000,Master,9
Eller,Jimmy,Staff,MA,32,60000,Master,5
Fletcher,Eden,Staff,NH,44,101000,Ph.D.,6
Evans,Rosamund,Jr.Staff,NY,58,49000,Master,10
Bull,Juan,Staff,GA,30,76000,Master,11
Amos,Juan,Staff,CT,61,99000,Master,9
Taylor,Hart,Intern,MT,77,26000,Bachelor,1
Kidd,Katherine,Intern,GA,58,16000,Associate,1
Kask,Martin,Intern,NY,32,18000,Associate,1
Haan,Slyvia,Staff,CA,23,63000,Bachelor,8
Rodriguez,Cayden,Jr.Staff,NH,77,37000,Bachelor,5
Scott,Judith,Staff,NM,73,93000,Master,9
Martin,Franklin,Manager,SC,32,152000,Ph.D.,9
Presley,Macy,Intern,AL,58,25000,Associate,1
Wagoner,Theodore,Intern,PA,21,24000,Master,2
Walker,Ferrol,Staff,NY,20,95000,Master,2
Watson,Haile,Staff,CA,19,84000,Master,3
Robert,Preston,Intern,NM,52,16000,Associate,2
Sanborn,Riley,Staff,ND,52,92000,Master,7
Barnard,Valeria,Jr.Staff,NV,35,54000,Bachelor,7
Harrison,Mabel,Intern,WA,29,17000,Bachelor,1
Evans,Cleavon,Staff,GA,46,63000,Ph.D.,1
Hansen,Cole,Jr.Staff,NC,36,41000,H.S.,2
Gaston,Wyatt,Staff,GA,66,73000,Master,10
Nettles,Dominic,Staff,DE,59,64000,Bachelor,7
Cuellar,Alva,Staff,MA,75,69000,Master,11
Barajas,Imani,Jr.Staff,GA,29,43000,Bachelor,8
Cornwell,Taylor,Staff,TX,33,108000,Ph.D.,7
Paisley,Lenard,Intern,TX,28,17000,Associate,1
Bell,Louisa,Staff,NY,77,92000,Master,2
Boscardin,Nicola,Staff,DE,27,100000,Bachelor,4
Harris,Corby,Intern,PA,53,21000,Associate,1
Nixon,Michael,Intern,WI,72,27000,Master,1
Rains,Cynthia,Staff,WI,61,70000,Master,4
Austin,Aiden,Intern,KS,76,27000,Bachelor,1
Gette,Felix,Staff,NM,35,64000,Bachelor,7
Kurtz,Giovanni,Staff,IA,31,68000,Master,9
Davies,Gypsy,Intern,UT,28,30000,Bachelor,1
Hare,Angelo,Intern,GA,41,21000,Associate,1
Morris,Chynna,Jr.Staff,NH,34,59000,H.S.,8
Wolford,Manuel,Jr.Staff,MT,38,50000,Bachelor,4
Dorsey,Trinity,Intern,NY,19,27000,Master,2
Pena,Conner,Jr.Staff,WY,39,46000,Bachelor,9
Johansson,Trond,Staff,SC,38,87000,Ph.D.,2
Spangler,Tristen,Director,WA,35,218000,Master,12
Champagne,Adrianna,Staff,DE,37,88000,Master,6
Makinen,Ingrid,Staff,TX,69,69000,Master,3
Davis,Peers,Staff,GA,63,66000,Master,11
Lunsford,Nevaeh,Staff,CO,38,99000,Master,2
Green,Nathaniel,Jr.Staff,NY,64,58000,Bachelor,11
Todd,Delaney,Staff,HI,37,68000,Master,6
Cottrell,Alivia,Intern,WI,56,24000,Master,1
Chen,Ido,Intern,MD,63,24000,Master,1
Bowden,Esteban,Manager,GA,32,180000,Master,12
Fogle,Audrey,Intern,DE,22,23000,Master,1
Pate,Paige,Staff,MD,34,81000,Master,3
Levi,Lian,Staff,MA,28,77000,Master,3
Scalvini,Anatina,Staff,CT,46,77000,Master,8
Mcglasson,Laree,Jr.Staff,MD,47,47000,Master,5
Love,Devin,Jr.Staff,GA,39,57000,Bachelor,8
Lee,Carter,Staff,CA,46,89000,Master,9
Perry,Caleb,Staff,NY,49,95000,Master,9
Pokorny,Katerina,Staff,CO,70,60000,Master,2
Jones,Delia,Intern,NJ,53,24000,Associate,1
Bhatia,Myrta,Jr.Staff,AR,28,47000,Master,7
Perfetti,Maddalena,Jr.Staff,IL,74,44000,Associate,8
Kentner,Raguel,Jr.Staff,CT,31,37000,Bachelor,3
Burgos,Aden,Jr.Staff,NC,71,42000,Associate,6
Smith,Hollace,Staff,CA,29,82000,Master,8
Unger,Carly,Staff,CO,30,87000,Master,3
Cuellar,Cohen,Staff,GA,38,106000,Master,9
Adrei,Nicol,Intern,MT,68,21000,Associate,1
Allen,Berenice,Staff,PA,59,72000,Master,4
Rebagliati,Damone,Staff,AR,55,99000,Bachelor,7
Watson,Nigel,Staff,WI,50,105000,Master,4
Wendt,Paul,Staff,PA,42,69000,Master,2
Wood,Nigel,Intern,WI,58,16000,Associate,1
Farley,Everett,Staff,DE,22,85000,H.S.,9
Eriksson,Emil,Intern,NY,60,26000,Bachelor,1
Rhoades,Jacqueline,Jr.Staff,MN,37,48000,Master,5
Wright,Cleave,Intern,ND,77,22000,Bachelor,1
Wilson,Edward,Staff,AR,53,100000,Master,4
Molnar,Vytautas,Jr.Staff,CT,73,37000,Bachelor,4
Fowler,George,Staff,NY,75,92000,Master,6
Wingate,Raeann,Intern,IL,69,21000,Associate,1
Dyer,Stella,Jr.Staff,KS,55,49000,Master,7
Granger,Graham,Staff,WA,73,62000,Ph.D.,5
Houtz,Ralph,Jr.Staff,CA,35,55000,Bachelor,3
Howard,Brian,Jr.Staff,MN,38,58000,Bachelor,8
Olofsson,Juho,Jr.Staff,AL,19,49000,Master,9
Hall,Filbert,Intern,SC,35,31000,Bachelor,1
Edwards,Shirlyn,Staff,NV,25,75000,Master,4
Baker,Amy,Staff,ND,42,65000,Bachelor,6
Davis,Berenice,Staff,NY,68,84000,Master,7
Martin,Shaw,Staff,OH,47,103000,Master,2
Still,Julio,Jr.Staff,CT,19,41000,H.S.,9
Servergnini,Viviana,Intern,ND,60,14000,H.S.,1
Moshe,Mosheh,Staff,DE,67,95000,Master,2
Coy,Cameron,Jr.Staff,VT,32,50000,Bachelor,5
Roberts,Phillida,Staff,GA,33,104000,Master,8
Dahan,Yosef,Jr.Staff,UT,58,44000,Associate,11
Mcmanus,Nolan,Jr.Staff,NY,28,54000,Bachelor,9
Huddleston,Zachary,Staff,NY,24,100000,Master,6
Pickens,Brady,Intern,GA,34,30000,Associate,2
Underwood,Julie,Staff,NY,77,99000,Master,8
Shapira,Mariah,Staff,UT,53,97000,Master,4
Knox,Antonio,Jr.Staff,TX,45,50000,Bachelor,7
Masolino,Severo,Staff,NY,39,81000,Master,6
Jackson,Naomi,Jr.Staff,HI,57,36000,Associate,3
Carrier,Shane,Intern,CA,29,17000,Associate,1
Walker,Chip,Staff,ID,63,109000,Master,6
Davis,Phillida,Staff,MA,62,88000,Bachelor,9
Moriarity,Rhea,Staff,IA,19,92000,Master,11
Grimme,Florian,Jr.Staff,IA,44,59000,Bachelor,6
Polandi,Donato,Staff,CO,19,106000,Master,2
Mondolfo,Gianetta,Intern,GA,47,22000,Bachelor,1
Bean,Devin,Intern,MI,65,13000,H.S.,1
Vanderpool,Erick,Staff,KY,33,60000,Master,8
Tiscorinia,Fulvia,Staff,GA,62,73000,Master,7
Clarke,Phyllis,Staff,OR,61,106000,Bachelor,2
Battle,Jane,Intern,AL,33,35000,H.S.,1
Dowell,Leah,Intern,NY,62,15000,Bachelor,1
Thompson,Filbert,Staff,ND,76,98000,Ph.D.,1
Helm,Keith,Jr.Staff,CT,62,51000,Bachelor,2
Anderson,Howard,Intern,TX,52,27000,Master,1
Matsunaga,Telma,Jr.Staff,AZ,58,53000,Bachelor,8
Paris,Kaden,Staff,OR,78,69000,Master,9
Checcinato,Rebecca,Intern,CO,35,35000,Bachelor,1
Roe,Tristan,Manager,KS,59,150000,Ph.D.,15
Huges,Rosamund,Staff,GA,37,64000,Bachelor,11
Biton,Bashar,Staff,MA,63,94000,Master,5
Young,Chynna,Intern,MT,68,26000,Bachelor,1
Hensley,Alaina,Staff,NJ,44,65000,Master,9
Jensen,Ida,Jr.Staff,CA,24,40000,Associate,4
Boudreaux,Oliver,Staff,MA,64,84000,Master,9
Storey,Darius,Intern,GA,70,13000,Associate,1
Heine,Lukas,Staff,CT,53,84000,Ph.D.,5
Edmondson,Ian,Jr.Staff,NM,36,42000,Associate,5
Papi,Claudio,Intern,MI,43,27000,Bachelor,1
Roberts,Judson,Jr.Staff,GA,23,53000,Bachelor,3
Lee,Topper,Jr.Staff,SD,70,55000,Bachelor,9
Yitzchak,Mariam,Staff,WI,70,62000,Ph.D.,6
Lusby,Denise,Staff,MA,35,90000,Master,1
Donzelli,Sabina,Intern,ND,47,31000,H.S.,1
Hagwood,Son,Intern,IA,25,33000,H.S.,1
Pinter,Pawel,Staff,MA,44,73000,Master,6
Rush,Oscar,Jr.Staff,NV,76,51000,Bachelor,9
Clark,Jared,Staff,ID,43,87000,Master,8
Clinton,Ivan,Intern,MN,54,32000,H.S.,1
Morgan,Newton,Staff,MT,40,67000,Master,3
Jones,Errol,Intern,DE,26,21000,Associate,2
Talbot,Jacqueline,Jr.Staff,WA,53,55000,Bachelor,6
Gruber,Lucas,Staff,WI,77,88000,Bachelor,8
Biddle,Alejandra,Sr.Staff,IA,73,127000,Master,16
Feher,Katerina,Intern,NY,58,27000,Master,1
Woodward,Connor,Staff,CO,77,107000,Master,8
Rush,Jordan,Staff,HI,39,99000,Master,7
Krummenacher,Julian,Staff,MA,22,76000,Master,1
Rico,Emily,Staff,MN,58,99000,Master,8
Glenn,Hunter,Intern,CA,74,23000,Associate,1
Crumbley,Alba,Staff,GA,57,100000,Master,9
Roberts,Ethel,Intern,CA,26,34000,H.S.,3
Corey,Aidan,Intern,AR,69,27000,Bachelor,1
Kovacs,Aleksander,Jr.Staff,CO,74,42000,Associate,1
Gray,Nina,Intern,ND,75,28000,Master,1
Sheehan,Colton,Jr.Staff,CA,35,52000,Bachelor,7
Woody,Sophie,Jr.Staff,WI,53,48000,Master,10
Chen,Noa,Jr.Staff,NY,68,47000,Master,3
Azulai,Noam,Director,MT,20,203000,Master,15
Hastings,Breanna,Jr.Staff,PA,71,57000,Bachelor,3
Ben-David,Yosef,Jr.Staff,OR,63,46000,Master,9
Preston,Derek,Jr.Staff,CO,47,56000,Bachelor,6
Wing,Christina,Staff,OH,23,78000,Master,11
Smith,Taylor,Staff,NV,55,96000,Master,5
Williams,Edgar,Intern,AL,74,19000,Bachelor,1
Rutherford,Alexandria,Staff,TX,60,103000,Master,6
Jung,Santiago,Intern,MT,68,19000,H.S.,1
Yosef,Daniel,Staff,WI,20,67000,Master,2
Mcfarlin,Nathan,Intern,OR,21,35000,H.S.,1
Browne,Lindsay,Staff,MD,75,101000,Bachelor,6
Swenson,Robert,Staff,HI,62,97000,Master,6
Walker,Judith,Staff,CO,37,77000,Master,8
Blair,Marcos,Jr.Staff,NM,21,54000,Bachelor,5
Woodson,Eli,Intern,OH,65,25000,H.S.,1
Arias,Emanuel,Intern,CA,75,14000,H.S.,1
Rossi,Briana,Staff,MN,43,106000,Bachelor,3
Lee,Virginia,Intern,CO,64,24000,Master,1
Shipp,Aliyah,Jr.Staff,MN,19,42000,Associate,6
Saldana,Malachi,Intern,UT,24,15000,Bachelor,1
Hay,Albert,Staff,MN,35,70000,Master,4
Ledesma,Asher,Sr.Staff,HI,40,140000,Master,5
Canney,Santo,Intern,MD,58,22000,Associate,1
Christy,Daniella,Staff,GA,76,95000,Master,2
Aulenti,Eva,Staff,MT,20,93000,Master,7
Jackson,Shelby,Jr.Staff,NY,48,49000,H.S.,8
Sheridan,Kayleigh,Staff,NY,31,69000,Master,9
Evans,Fletcher,Intern,PA,73,33000,Bachelor,1
Still,Isaiah,Jr.Staff,PA,19,51000,Bachelor,8
Harrison,Hayden,Jr.Staff,MA,46,57000,Bachelor,9
Laws,James,Staff,GA,44,72000,Master,6
Settles,Jenelle,Intern,MT,40,35000,Bachelor,1
Novak,Kristina,Intern,CA,22,26000,Bachelor,2
Clarke,Herbert,Intern,FL,52,12000,H.S.,2
Taylor,Sarah,Staff,MA,57,77000,Master,4
Petersen,Karen,Intern,CA,78,17000,Bachelor,1
Gardella,Rosamonda,Staff,NV,73,64000,Bachelor,9
Nieminen,Ida,Staff,UT,70,71000,Master,6
Bell,Mark,Staff,SD,65,104000,Master,4
Prince,Tony,Jr.Staff,VA,55,59000,Bachelor,6
Pinter,Martin,Intern,MN,49,29000,Bachelor,1
Spence,Phillip,Staff,PA,43,89000,Master,10
Thrun,Sebastian ,Director,CA,49,240000,Ph.D.,22
Crouse,Dallas,Staff,FL,25,71000,Master,2
Morris,Hamilton,Jr.Staff,GA,27,37000,Bachelor,3
Hummel,Noah,Staff,PA,26,96000,Bachelor,11
Orourke,Kayden,Jr.Staff,FL,67,55000,Bachelor,10
Minghetti,Corradino,Jr.Staff,KS,45,42000,Associate,5
Hayes,Charles,Intern,GA,40,19000,Associate,1
Patel,Selina,Staff,ND,38,69000,Master,10
Rodgers,Julia,Jr.Staff,PA,41,45000,Bachelor,2
Speer,Aaden,Staff,ND,31,105000,Bachelor,13
Gallo,Carmen,Staff,GA,61,93000,Master,10
Jarvinen,Henrik,Jr.Staff,NY,27,47000,Master,10
Klein,Adi,Intern,NY,39,12000,H.S.,1
Davis,Tatiana,Intern,NM,59,19000,Associate,1
Harrison,Samantha,Intern,MA,36,22000,Bachelor,1
Petersson,Emma,Staff,NV,67,93000,Ph.D.,6
Sprague,Valentina,Staff,NY,23,67000,Master,4
Farley,Kaden,Staff,CA,38,80000,Bachelor,2
Lambruschini,Urania,Jr.Staff,IL,64,57000,Bachelor,2
Biddle,Alejandra,Intern,MI,38,35000,H.S.,2
Anderson,Garrick,Jr.Staff,TX,25,59000,Bachelor,7
Craig,Yasmin,Staff,NY,50,85000,H.S.,6
Corcoran,Luke,Intern,NY,49,17000,H.S.,1
Bryant,Elijah,Staff,PA,37,99000,Bachelor,9
Jarvinen,Aleksi,Jr.Staff,CO,77,59000,Bachelor,10
Branch,Selena,Staff,CO,47,103000,Master,4
Ardinghi,Rosari,Jr.Staff,NY,37,48000,Master,3
Hines,Claire,Jr.Staff,TX,23,38000,Associate,3
Harrison,Stacy,Staff,AL,57,67000,Master,2
Calvert,Cheyenne,Staff,NY,47,96000,Ph.D.,8
Wiley,Giovanni,Intern,ND,41,29000,Bachelor,1
Blansett,Rolland,Jr.Staff,OH,37,58000,Bachelor,5
Switzer,Marshall,Staff,CO,31,97000,Master,2
Halvorsen,Ida,Staff,PA,43,74000,Master,8
Purcell,Ella,Staff,UT,59,92000,Master,3
Crocker,Max,Staff,CA,76,93000,Master,7
Small,Jaden,Staff,TX,29,68000,Master,6
Magi,Eliska,Intern,VT,40,26000,Bachelor,1
Anderson,Almeda,Staff,NH,21,75000,Master,3
Brunn,Lauren,Jr.Staff,NM,77,51000,Bachelor,3
Tolbert,Alan,Staff,FL,31,102000,Master,5
Hendryx,Janie,Staff,UT,73,108000,Master,9
Bengtsson,Joona,Jr.Staff,CO,19,57000,Bachelor,11
Mizrachi,Agam,Staff,TX,50,95000,Master,7
Farnese,Carmela,Staff,NY,46,69000,Master,3
Strange,Cameron,Jr.Staff,MA,23,53000,Bachelor,2
Manley,Hayden,Sr.Staff,NY,32,145000,Master,8
Guidi,Sigfrido,Staff,KS,73,107000,Ph.D.,11
McCain,Jackson,Jr.Staff,NY,19,44000,Associate,9
Clark,Eliah,Intern,AR,32,18000,H.S.,1
Huges,Hillary,Staff,ND,67,98000,Ph.D.,8
Culp,Bryan,Staff,AR,26,98000,Master,5
Begay,Ruby,Staff,MN,49,66000,Master,5
Musk,Elon,Manager,CA,45,282000,Bachelor,3
Rebagliati,Vittore,Intern,AL,57,20000,Associate,1
Green,Carter,Intern,CA,25,24000,Master,2
Phan,Jayla,Intern,PA,74,23000,Master,1
Cavazos,Emma,Jr.Staff,PA,74,54000,Bachelor,10
Feher,Lukas,Intern,NY,38,29000,Bachelor,1
Jackson,Oliver,Intern,MN,47,13000,H.S.,1
Sutton,Daniel,Staff,CA,43,87000,Master,9
Pappas,Daisy,Staff,MA,29,91000,Master,8
Brown,Berenice,Staff,CA,34,78000,Master,10
Clark,Richard,Staff,MA,71,71000,Master,3
Webb,Daniella,Staff,PA,57,85000,Master,8
Davies,Gwendolyn,Staff,NY,58,80000,Master,9
Magi,Antanas,Staff,WI,19,87000,Master,4
Losoya,Ozella,Intern,NY,59,22000,Bachelor,1
Lockhart,Tristen,Staff,MA,62,71000,Master,9
Tuomino,Claudia,Staff,CA,40,88000,Master,10
Acre,Serina,Staff,WY,30,66000,Master,7
Purvis,Cadence,Staff,IL,65,100000,Master,9
Osorio,Kaylee,Jr.Staff,AR,50,40000,Associate,8
Armstead,Matthew,Staff,HI,47,61000,Bachelor,6
Gabai,Marian,Jr.Staff,ND,22,43000,Bachelor,4
Ivy,Alexander,Staff,HI,64,102000,Master,4
Knapp,Jeremy,Intern,PA,53,20000,Associate,1
Walker,Delphine,Jr.Staff,CA,29,54000,Bachelor,6
Chen,Karin,Intern,AL,56,16000,Associate,1
Workman,Tucker,Intern,WI,68,34000,Associate,1
Stallings,Lila,Staff,NY,26,84000,Master,7
Larsen,Aleksi,Jr.Staff,PA,35,42000,Associate,8
Reisman,Sheri,Intern,ND,43,13000,H.S.,2
Clark,Stacy,Staff,VA,38,91000,Master,2
Fekete,Natalie,Jr.Staff,CA,57,40000,Associate,2
Virtanen,Ingrid,Staff,AR,45,94000,Master,7
Mauser,Felix,Staff,CA,32,84000,Ph.D.,3
Abel,Carly,Intern,CO,25,22000,Bachelor,1
Thompson,Eudora,Intern,KY,50,34000,Associate,1
Angel,Connor,Staff,MA,71,68000,Master,1
Jimenez,Wesley,Jr.Staff,HI,65,54000,Bachelor,6
Cates,Brennan,Staff,UT,60,73000,Master,3
Brown,Amelia,Jr.Staff,MN,57,59000,Bachelor,5
Arroyo,Trenton,Staff,ND,31,69000,Master,3
King,Anne,Staff,DE,29,86000,H.S.,5
Young,Austin,Staff,DE,41,109000,Master,10
Boyle,Kylie,Staff,PA,43,98000,Ph.D.,1
Brown,Tamar,Staff,WA,62,77000,Master,9
Stallings,Skylar,Intern,NJ,26,29000,Bachelor,1
Meszaros,Marcin,Jr.Staff,PA,30,54000,Bachelor,10
Pruett,Gage,Jr.Staff,MD,19,41000,H.S.,7
Goff,Joselyn,Jr.Staff,NV,43,38000,Associate,3
Rosa,Jillian,Jr.Staff,PA,56,46000,Master,4
Johnson,Hermoine,Jr.Staff,AL,23,59000,Master,7
Albright,Diego,Staff,IL,25,63000,Bachelor,2
Dunlap,Alexa,Intern,WA,35,21000,Associate,1
Clarke,Harva,Staff,MA,64,73000,Master,7
Teeter,Cary,Jr.Staff,MD,52,49000,H.S.,11
Gold,Cheyenne,Intern,TX,23,20000,Bachelor,1
Johnson,Angela,Staff,IA,71,107000,Master,8
Haas,Tim,Staff,ND,75,106000,Master,3
Underwood,Jesus,Staff,PA,70,67000,Master,11
Darby,Gavin,Intern,UT,35,13000,H.S.,1
Clooney,George,Sr.Staff,TX,40,129000,Master,6
Ma,Jack,Director,NY,52,290000,Bachelor,22
Bethea,Manuel,Intern,NV,59,27000,Master,1
Mclain,Joaquin,Jr.Staff,CA,22,44000,Bachelor,8
Fiorillo,Rochel,Intern,TX,40,24000,Master,1
Infusino,Camilla,Jr.Staff,WI,29,54000,Master,2
Lyman,Jorge,Staff,NY,39,63000,H.S.,4
Field,Derrick,Jr.Staff,PA,33,58000,Bachelor,10
Glassford,Richie,Staff,AL,68,71000,Master,1
Gilley,Gregory,Intern,PA,44,27000,Bachelor,1
Morgan,Dorothea,Staff,WI,62,67000,Master,7
Hidalgo,Madelene,Staff,NC,77,93000,Bachelor,10
Mcgregor,Layla,Staff,NC,39,74000,Master,9
Primaticcio,Gino,Intern,NV,51,24000,Associate,2
Chen,Daniel,Staff,CA,53,92000,Master,2
Brown,Haines,Intern,GA,48,15000,Bachelor,1
Randall,Danny,Staff,NY,74,84000,Master,10
Mitchell,Frayne,Jr.Staff,MD,41,48000,Master,11
Wannamaker,Timika,Intern,MA,43,15000,Bachelor,1
Virtanen,Agnes,Intern,SD,31,17000,H.S.,1
Ennis,Brett,Jr.Staff,AL,19,59000,Bachelor,7
Wright,Haile,Jr.Staff,CA,62,58000,Bachelor,10
Anderson,Holiday,Staff,NY,52,65000,Master,10
Davis,Knox,Staff,DE,74,87000,Master,5
Jensen,Thea,Staff,MA,44,71000,Master,10
Turner,Sarah,Jr.Staff,CA,34,43000,Bachelor,4
Wooden,Freddy,Staff,CA,58,61000,Bachelor,2
Jacobsen,Julie,Staff,CA,43,94000,Master,8
Beebe,Dillon,Sr.Staff,NM,29,124000,Master,11
Pegoretti,Orazio,Jr.Staff,CT,46,49000,Master,4
Kucharski,Mervin,Staff,NY,29,99000,Master,10
Pitts,Xander,Staff,WA,20,65000,Master,6
Walker,Clem,Staff,AR,77,76000,Master,1
Virtanen,Siiri,Jr.Staff,CA,62,56000,Master,2
Pedane,Romolo,Intern,MT,74,15000,Bachelor,1
Edwards,Linus,Staff,VA,48,74000,Master,10
Dillenbeck,Sabine,Jr.Staff,UT,76,36000,Associate,5
Mizrachi,Lian,Staff,OH,27,67000,Master,5
Castro,Alejandra,Staff,MN,52,79000,Master,4
Johnsen,Alexander,Jr.Staff,MA,66,42000,Associate,9
Lovett,Jeffrey,Staff,CT,68,75000,Master,10
Anderson,Avery,Staff,CO,56,65000,Bachelor,9
Morgan,Letitia,Jr.Staff,DE,28,40000,Associate,9
Brown,Constance,Staff,NJ,47,80000,Bachelor,9
Geiger,Cohen,Intern,MD,62,18000,Associate,1
Sepp,Krzysztof,Staff,RI,35,99000,Master,6
Turner,Lionel,Staff,NY,40,91000,Master,2
Morgan,Ruby,Staff,CA,21,92000,Master,3
Stringer,Kyler,Staff,WI,22,104000,Master,10
Evans,Benjamin,Jr.Staff,MA,49,49000,H.S.,3
Morris,Deborah,Staff,NY,62,98000,Master,2
Allen,Almeda,Staff,TX,47,93000,Master,7
Hill,Iria,Staff,MN,52,78000,Master,4
Hester,Daniel,Jr.Staff,NV,62,51000,Bachelor,8
Rowell,Marvin,Sr.Staff,ND,20,132000,Master,10
Kocsis,Matej,Staff,VA,68,94000,Master,5
Pecci,Ester,Intern,CT,27,25000,H.S.,1
Friedman,Mosheh,Intern,MN,51,18000,Bachelor,1
Lakatos,Rasmus,Intern,MA,39,15000,Bachelor,1
Ratcliff,Josue,Jr.Staff,CO,31,59000,Bachelor,9
Harris,Julianne,Staff,AZ,22,77000,Master,3
Ellington,David,Intern,UT,26,18000,Associate,1
Morgan,Samantha,Staff,NM,70,83000,Master,3
Davies,Hermoine,Intern,ND,37,33000,Bachelor,1
Ward,Austin,Jr.Staff,PA,47,39000,Bachelor,9
Castellani,Goffredo,Staff,PA,26,99000,Bachelor,9
Lind,Ellie,Jr.Staff,CA,42,36000,Associate,5
Thompson,Avery,Staff,WI,66,74000,Master,8
Cooper,Irisa,Intern,MD,77,30000,Associate,2
Sebastian,Marcin,Jr.Staff,NY,44,46000,Bachelor,3
Levi,Mariam,Staff,NV,38,76000,Master,3
Falconieri,Cosimo,Intern,AR,44,23000,Associate,1
Allard,Keith,Jr.Staff,WY,56,42000,Associate,5
Patel,Cora,Intern,CA,62,14000,H.S.,1
Nemec,Tereza,Staff,NC,25,105000,Bachelor,3
Mims,Collin,Sr.Staff,CA,44,119000,Master,10
Mcdowell,Alexander,Staff,WI,77,83000,Bachelor,8
Winston,Javier,Intern,MI,59,24000,Associate,1
Isbell,Katie,Intern,WA,31,22000,Bachelor,1
Riina,Marietta,Intern,CO,55,23000,Associate,1
Swift,Taylor,Intern,IA,67,27000,Master,1
Spivey,Evan,Staff,CT,63,66000,Master,8
Cornelius,Allen,Staff,KS,48,97000,Master,4
Crisp,Amelia,Jr.Staff,MI,66,52000,Bachelor,5
Burleson,Brynn,Manager,FL,73,156000,Ph.D.,22
Phillips,Letitia,Intern,AZ,24,22000,Bachelor,1
Gifford,Colin,Staff,AR,66,72000,Master,5
Mcnutt,Payton,Staff,HI,30,90000,Bachelor,11
Otero,Spencer,Staff,MT,20,99000,Master,4
Harbin,Audrey,Staff,FL,52,60000,Ph.D.,7
Curry,Nathaniel,Staff,MT,50,78000,Master,9
Pinter,Juozas,Jr.Staff,CO,49,44000,Associate,7
Peretz,Sharbal,Jr.Staff,ND,77,49000,Master,5
Haley,Jordan,Jr.Staff,NM,52,54000,Bachelor,5
Walls,Michelle,Jr.Staff,MN,40,59000,Bachelor,9
Phillips,Emma,Staff,WI,43,89000,Master,4
Clark,Cicero,Staff,AR,58,71000,Master,10
Clutts,Anjanette,Intern,NV,74,30000,Bachelor,1
Carver,Summer,Staff,NV,51,79000,Master,9
Frye,Zander,Intern,MN,53,29000,Bachelor,1
Giordano,Jennifer,Staff,NY,23,83000,Master,9
Walter,Jaxon,Staff,KS,37,95000,Master,7
Yarbrough,Tristan,Jr.Staff,NY,76,52000,Bachelor,10
Burney,Melanie,Jr.Staff,CA,62,39000,Associate,10
Pettersen,Oscar,Jr.Staff,MA,25,54000,Bachelor,10
Jackson,Farrah,Staff,CT,59,102000,Master,7
Mcfarland,Kyler,Staff,MA,20,63000,Ph.D.,9
Lee,Corliss,Staff,NY,37,99000,Master,7
Roberts,Bevis,Jr.Staff,CA,69,40000,Associate,8
Lewis,Victoria,Staff,CA,25,65000,Master,7
Bosco,Patti,Intern,CA,41,19000,Associate,1
Smedley,Katie,Intern,CT,67,23000,Associate,1
Clinton,Julius,Jr.Staff,OR,70,53000,Bachelor,1
Krall,Lukas,Staff,CT,53,65000,Master,6
King,Tilly,Jr.Staff,PA,76,40000,Associate,5
Davies,Ruben,Jr.Staff,PA,60,57000,Bachelor,2
Burks,Holden,Intern,NM,34,24000,Master,1
Wright,Paisley,Staff,MA,30,76000,Master,5
Smith,Selina,Intern,WI,23,31000,Bachelor,1
Jackson,Harva,Jr.Staff,NY,61,53000,Bachelor,4
Dahan,Majd,Intern,CA,64,34000,Bachelor,1
Jackson,Hazelle,Staff,MN,64,63000,H.S.,8
Ben-David,Lian,Staff,AL,23,65000,Master,4
Persson,Joona,Staff,AL,56,85000,Master,6
Pendleton,Jesus,Intern,NY,40,13000,Associate,1
Wright,Hermoine,Staff,MA,68,74000,Master,9
Lombardo,Braxton,Staff,ND,32,71000,Master,8
Ryan,Elon,Intern,CO,54,29000,Bachelor,2
Duffy,Alex,Intern,NY,72,24000,Master,1
Fodor,Tomasz,Intern,MN,64,29000,Bachelor,1
Hilliard,Ellie,Jr.Staff,OR,49,48000,Master,2
Rosolino,Ortensia,Staff,NY,67,75000,Master,11
Bradley,Aniya,Staff,MT,31,88000,Master,2
Kleist,Marybelle,Intern,NM,66,16000,Associate,1
Mccasland,Werner,Jr.Staff,MD,52,36000,Associate,10
Houser,Louis,Staff,PA,59,73000,Master,7
Wilson,Clover,Jr.Staff,NY,22,46000,Bachelor,9
Parker,Garrison,Staff,MO,64,94000,Bachelor,9
Segel,Rachel,Intern,GA,52,34000,Associate,1
Hidalgo,Sabrina,Jr.Staff,NY,67,50000,Bachelor,8
Schrimsher,Jonathan,Intern,CT,53,21000,Associate,1
Rampolla,Adriana,Staff,MT,25,108000,Master,6
Rockwell,Isaiah,Jr.Staff,CT,70,46000,Master,6
Canfora,Lisetta,Intern,DE,66,25000,Master,1
Hall,Diamond,Staff,AL,21,87000,Master,7
King,Phillida,Staff,AR,25,70000,Master,9
Coy,Pedro,Jr.Staff,TX,65,45000,Bachelor,7
Moore,Hollye,Jr.Staff,PA,76,56000,Bachelor,8
Miranda,Maddison,Jr.Staff,IA,37,55000,Bachelor,7
Alderman,Kenneth,Staff,KS,20,86000,H.S.,10
Giordano,Clara,Intern,SC,58,32000,H.S.,1
High,Jordan,Staff,OH,32,82000,Master,8
Koskinen,Juho,Staff,PA,51,102000,Master,1
James,Filbert,Jr.Staff,GA,58,36000,H.S.,7
Anglin,Kayleigh,Staff,OR,67,99000,Master,9
Davis,Irene,Intern,GA,28,26000,Bachelor,1
Morris,Emily,Jr.Staff,UT,31,59000,Master,4
Hall,Carter,Staff,CA,61,96000,Bachelor,8
Schwab,Colton,Jr.Staff,NY,73,59000,Bachelor,4
Davies,Susannah,Staff,CA,77,101000,Master,11
Moore,Monica,Staff,PA,28,70000,Master,4
Huntley,Piper,Staff,AL,70,104000,Master,10
Hagen,Aino,Staff,AZ,40,106000,Master,8
Corrazzari,Viviana,Jr.Staff,WY,77,42000,Associate,8
Grant,Isabella,Staff,MD,76,103000,Master,6
Roth,Alex,Jr.Staff,CT,52,53000,Bachelor,6
Biton,Ido,Intern,IA,68,33000,H.S.,1
Thompson,Melisande,Staff,TX,27,68000,Master,6
Korhonen,Ida,Intern,IL,37,17000,Bachelor,1
Seward,Mitchell,Staff,TX,28,77000,Master,5
Belloi,Nicoletta,Jr.Staff,GA,52,38000,Associate,9
Robel,Tim,Jr.Staff,IA,42,44000,Associate,2
Harrison,Daphne,Jr.Staff,OH,47,57000,Bachelor,7
Miranda,Peyton,Staff,AZ,42,108000,Master,2
Simon,Kristina,Jr.Staff,TX,41,41000,Associate,7
Bell,Christina,Jr.Staff,CA,49,44000,Bachelor,1
Hardy,Edgar,Jr.Staff,AR,33,55000,Bachelor,9
Connery,Luise,Jr.Staff,CA,61,47000,Master,2
Novak,Tereza,Intern,NV,74,34000,Bachelor,2
Andersson,Alice,Staff,PA,37,62000,Bachelor,2
Horton,Devin,Staff,NY,68,100000,Master,11
Roche,Max,Staff,OR,34,85000,Master,5
Menard,Max,Staff,CT,49,66000,Master,7
Gilliam,Ava,Jr.Staff,TX,55,52000,Bachelor,4
Lagututta,Calogera,Intern,CO,50,15000,Bachelor,1
Link,Janiya,Staff,ND,73,90000,Bachelor,8
McClellan,Alexander,Intern,NM,34,28000,Master,1
Bruno,Annabelle,Jr.Staff,PA,20,54000,Bachelor,10
Hansen,Sara,Staff,PA,58,76000,Master,5
Wright,Ayden,Manager,WY,65,179000,Master,15
Macaluso,Bernardo,Intern,DE,75,16000,Associate,1
Burgos,Isabelle,Jr.Staff,MN,51,53000,Bachelor,1
Thomas,Duff,Staff,DE,44,98000,Bachelor,4
Banda,Mariah,Jr.Staff,NY,19,57000,Bachelor,10
Hobson,Dominic,Staff,NY,21,60000,Bachelor,7
Yee,Albert,Intern,MT,65,35000,Bachelor,1
Hubbard,Patrick,Staff,MA,21,77000,Master,7
Goodrich,Reid,Jr.Staff,AR,53,55000,Bachelor,3
Moxley,Marg,Staff,VA,56,64000,Bachelor,9
Prada,Octavia,Intern,DE,41,14000,H.S.,1
Szucs,Ondrej,Jr.Staff,PA,42,47000,Master,1
Jolly,Troy,Jr.Staff,NY,61,38000,Associate,5
Ainsworth,Jaime,Intern,MA,20,24000,Master,1
Choi,Luke,Staff,MT,44,72000,Master,7
Thompson,Jane,Staff,AR,43,78000,Master,4
Farrow,Oscar,Intern,CA,48,30000,Associate,1
Velazquez,Mia,Staff,MD,43,86000,Bachelor,10
Champion,William,Staff,SD,38,98000,Master,11
Crist,Fabian,Staff,UT,29,63000,Bachelor,2
Quade,Trang,Staff,GA,48,84000,Master,4
Walker,Alair,Intern,IA,27,12000,H.S.,2
Spoletiani,Natalia,Intern,KY,77,30000,Associate,1
Trejo,Elena,Staff,TX,41,109000,Bachelor,5
Marek,Natalie,Staff,IA,46,103000,Master,9
Katz,Aliyah,Staff,NY,60,66000,Master,3
Tal,Yehonatan,Jr.Staff,MN,31,58000,Bachelor,5
Scott,Esme,Intern,TX,76,16000,Associate,1
White,Alban,Jr.Staff,WI,32,42000,Associate,10
Ward,Phineas,Jr.Staff,OH,73,39000,Bachelor,10
Howland,Ryder,Staff,CO,28,97000,Master,9
Karlsen,Eetu,Staff,DE,74,65000,Master,10
Muse,Jorge,Staff,CA,48,79000,Bachelor,8
Head,Lila,Staff,FL,74,72000,Master,6
Moore,Foster,Intern,NY,67,34000,Associate,2
London,Anya,Sr.Staff,MA,30,110000,Bachelor,14
Young,Beatrice,Jr.Staff,NV,46,51000,Bachelor,6
Hamel,Aniya,Intern,OH,46,35000,Bachelor,1
Starke,Anja,Staff,NY,41,80000,Master,10
Pedersen,Oscar,Jr.Staff,ND,70,41000,H.S.,4
Grill,David,Intern,CT,23,20000,Bachelor,1
Nieminen,Kristian,Intern,MA,46,16000,Associate,1
Kovacs,Natalie,Staff,MD,59,102000,Master,5
Heigel,Felix,Intern,IA,25,14000,H.S.,1
Leptio,Gaetana,Staff,NV,72,64000,Bachelor,5
Turner,Christopher,Staff,HI,23,83000,Master,5
Fagnini,Annina,Jr.Staff,NC,52,59000,Bachelor,8
Gruber,Lukas,Intern,TX,20,18000,Associate,3
Pate,Brayden,Staff,WI,53,106000,Master,10
Ciuffo,Donato,Intern,MA,29,35000,Bachelor,1
Helton,Brady,Staff,GA,30,92000,Bachelor,10
Mayson,Rocio,Intern,OH,57,29000,Bachelor,1
Gary,Sean,Staff,NJ,56,108000,Master,4
Di,Claudia,Staff,CA,41,61000,Bachelor,6
Martin,Amanda,Staff,NJ,43,60000,Bachelor,1
Capitanio,Cordelia,Staff,NY,19,61000,Bachelor,6
Allen,Clara,Staff,PA,57,86000,Bachelor,3
Ritter,Amber,Intern,NJ,58,31000,Bachelor,1
Gillis,Edwin,Intern,MD,64,25000,Associate,1
Calzaghe,Sigfrido,Staff,PA,58,85000,H.S.,2
Farr,Sofia,Staff,NY,48,98000,Ph.D.,4
Leffler,Daniel,Manager,AZ,20,196000,Ph.D.,13
Carosi,Placidia,Manager,PA,29,196000,Master,8
Boudreau,Travis,Jr.Staff,NM,22,57000,Bachelor,6
Matthew,Lucy,Jr.Staff,PA,22,54000,Bachelor,5
Winslow,Isaiah,Staff,IL,31,84000,Ph.D.,9
Goffi,Agnese,Staff,PA,49,80000,Master,8
Williams,Hayden,Staff,MA,64,71000,Master,10
Bengtsson,Alice,Jr.Staff,NY,19,51000,Bachelor,10
Madison,Brielle,Intern,AR,20,20000,Associate,2
Norwood,Damien,Jr.Staff,CA,49,47000,Master,3
Gilliland,Darren,Intern,OH,59,17000,Bachelor,1
Turner,Comfort,Staff,NV,63,105000,Bachelor,10
Thorne,Melissa,Staff,CA,54,94000,Master,10
Brendel,Paul,Staff,NY,38,100000,Master,5
Taylor,Julian,Staff,CA,18,68000,Master,5
Smith,Thomas,Staff,MD,22,62000,Bachelor,8
Doyel,Hilario,Staff,NY,47,104000,Bachelor,10
Baughman,Braydon,Staff,NH,34,107000,Master,2
Maresca,Geraldina,Staff,MD,41,64000,Bachelor,9
Choi,Anastasia,Sr.Staff,CT,36,125000,Master,15
Walker,Hazelle,Staff,DE,44,74000,Master,4
Clarke,Tracey,Staff,NY,37,70000,Master,7
Dahan,Baasal,Staff,IA,31,84000,Master,1
Robinson,Sheadon,Staff,WA,37,66000,Master,11
Conway,Everett,Jr.Staff,IL,18,39000,Bachelor,8
Olofsson,Isak,Staff,MI,59,106000,Master,7
Cooper,Hannah,Staff,IL,74,97000,Master,11
Taylor,Gregory,Jr.Staff,SC,44,55000,Bachelor,5
Acosta,Brennan,Jr.Staff,CO,66,50000,Bachelor,9
Nemeth,Karolina,Staff,PA,37,72000,Master,2
Inzaghi,Sara,Intern,GA,78,25000,Associate,1
Ward,Hayden,Jr.Staff,PA,20,40000,Bachelor,3
Shapira,Sarah,Intern,CO,38,33000,H.S.,1
Lewis,Bishop,Staff,FL,50,71000,Master,4
Szabo,Juozas,Staff,WY,33,102000,Bachelor,4
Chin,Giovanni,Jr.Staff,TX,65,54000,Bachelor,5
Makinen,Ella,Intern,CT,29,13000,H.S.,2
Jeanbart,Isaac,Staff,CO,51,76000,Master,1
Thompson,Honoria,Intern,ND,39,14000,H.S.,1
Fonzarelli,Epifania,Staff,NY,56,83000,Master,1
Mortimore,Calvin,Staff,PA,76,73000,Master,1
Jonsson,Arttu,Staff,TX,76,97000,Master,9
Mobley,Jeremiah,Staff,FL,26,88000,Bachelor,8
Quinones,Lillian,Staff,PA,62,72000,Master,6
Alfaro,Alexandra,Intern,MT,56,22000,Associate,1
Huffman,Jackson,Jr.Staff,AZ,62,52000,H.S.,9
Hurla,Gaynell,Staff,IL,46,70000,Master,7
Plummer,Sean,Jr.Staff,VT,46,41000,H.S.,1
Lapi,Cionata,Staff,WI,52,83000,Bachelor,5
Lindberg,Filip,Staff,ID,68,103000,Master,10
Baugh,Anna,Jr.Staff,IA,20,57000,Bachelor,2
Ho,Kylee,Staff,MT,41,62000,Bachelor,10
Balogh,Natalie,Staff,PA,43,97000,Master,8
Martin,Angela,Staff,CT,43,66000,Master,5
Green,Tambre,Intern,AR,24,30000,Associate,1
Lookabaugh,Elana,Staff,CA,52,92000,Master,4
Belmon,Dionigi,Intern,MT,74,21000,Associate,1
Mayo,Kevin,Intern,SC,36,29000,Bachelor,1
Bregar,Lucas,Intern,UT,31,16000,Associate,1
Wang,Zion,Jr.Staff,ND,40,47000,Master,9
Avraham,Uri,Staff,NY,45,104000,Master,6
Golan,Fadi,Jr.Staff,NJ,76,36000,Associate,5
Guercio,Antonia,Staff,MD,49,79000,Master,8
Gabai,Carol,Staff,WA,35,82000,Master,10
Beverly,Kaydence,Intern,FL,31,32000,Bachelor,1
Huges,Louvain,Manager,NM,46,156000,Master,13
Delvalle,Alverta,Staff,MD,31,66000,Master,6
Fultz,Lillian,Staff,NY,46,108000,Master,11
William,Caitlyn,Jr.Staff,CO,58,44000,Associate,8
Wolfgang,Merilyn,Manager,MN,56,189000,Bachelor,13
Venturini,Vesta,Intern,KS,56,28000,Master,1
Svensson,Aleksi,Intern,NV,40,35000,Bachelor,2
Hall,Brinley,Intern,PA,64,13000,Associate,1
White,Hart,Jr.Staff,CT,69,49000,H.S.,8
Seals,Eli,Staff,WI,33,69000,Master,5
Mcfarland,Jacob,Jr.Staff,GA,49,45000,Associate,10
Roper,Jonathan,Staff,CO,37,109000,Master,8
Greenwood,Robert,Staff,FL,35,95000,Master,6
Brown,Hillary,Intern,GA,59,33000,H.S.,1
Pettersson,Ingrid,Intern,OR,62,31000,Bachelor,1
Machiavelli,Barbara,Jr.Staff,KY,76,54000,Bachelor,2
Laughlin,Rihanna,Staff,NV,70,74000,Master,6
Gregoretti,Paolino,Intern,HI,67,33000,Bachelor,1
Bellamy,Kyleigh,Staff,CT,21,73000,Master,10
Melendez,Autumn,Jr.Staff,NM,73,44000,Associate,3
Brownlow,Perla,Jr.Staff,AL,30,53000,Bachelor,8
Velazquez,Silas,Staff,GA,44,61000,Bachelor,8
Hall,Sophia,Staff,AZ,47,78000,Master,2
Calloway,Spencer,Staff,VT,64,75000,Master,9
Gabai,Sharbal,Jr.Staff,ND,61,46000,Master,5
Woodward,Brody,Intern,NY,62,34000,Associate,1
Proctor,Amaya,Staff,WY,48,83000,Bachelor,9
Champagne,Martin,Staff,MI,42,96000,Ph.D.,6
Tamm,Pawel,Staff,NC,19,106000,Master,2
Evan,Chassidy,Jr.Staff,NY,37,56000,Master,10
Johnson,Iria,Staff,MN,19,63000,H.S.,9
Bell,Arthur,Jr.Staff,KY,68,48000,Master,5
Thomas,Cecil,Staff,NC,35,88000,Bachelor,6
Mcbride,Lindsay,Intern,MT,23,31000,Bachelor,1
Starnes,Desiree,Staff,FL,50,81000,Master,2
Luik,Piotr,Jr.Staff,KS,38,41000,H.S.,2
Moon,Newton,Intern,PA,35,32000,Bachelor,1
Peretz,Shira,Staff,OR,49,82000,Master,10
Merola,Chrystal,Intern,MN,44,33000,Bachelor,1
Jones,Forbes,Staff,WI,34,87000,Master,5
Moshe,George,Staff,UT,61,67000,Master,5
Dimaske,Luca,Intern,NY,23,30000,Associate,1
James,Freeman,Intern,TX,64,22000,Bachelor,1
Fiorelli,Leonara,Staff,NJ,55,64000,Bachelor,11
Wilson,Helen,Staff,MT,67,78000,Master,2
Wilson,Clover,Jr.Staff,IL,38,36000,Associate,1
Morris,Penelope,Jr.Staff,NY,65,58000,Bachelor,7
Maiuri,Damiano,Intern,DE,65,31000,Bachelor,1
Lucero,Alina,Staff,NY,37,73000,Master,5
Sherrod,Luna,Intern,TX,25,28000,Master,1
Turner,Fairly,Staff,PA,69,63000,H.S.,11
Toth,Martin,Intern,NY,58,30000,Associate,2
Newton,Edwin,Jr.Staff,KS,61,39000,Bachelor,9
Walker,Raleigh,Staff,PA,21,64000,Bachelor,6
Gavallo,Emilio,Intern,GA,60,30000,Bachelor,1
Cornell,Jacob,Staff,MN,75,98000,Master,4
Lakatos,Pawel,Jr.Staff,CA,25,47000,Master,11
Andersen,Malin,Staff,NY,64,104000,Master,7
Pruitt,Alexandria,Intern,WI,20,26000,Bachelor,1
Frey,Alivia,Jr.Staff,NY,23,46000,Bachelor,8
Lumpkin,Aniyah,Jr.Staff,MD,53,54000,Bachelor,4
Rainer,Julian,Jr.Staff,CO,58,47000,Master,11
Holmes,Brayden,Staff,NV,22,66000,Master,3
Friedman,Elias,Jr.Staff,MO,22,53000,Bachelor,5
Clinkscales,Twanna,Intern,DE,48,22000,Bachelor,3
Ward,Kemp,Intern,AR,36,18000,Associate,1
Eriksson,Arttu,Intern,ND,41,21000,Associate,1
Lee,Neil,Intern,ID,67,30000,Bachelor,1
Laine,Emilie,Staff,ND,35,91000,Master,2
Haugen,Linnea,Director,MN,31,216000,Master,10
Nieminen,Kristian,Intern,NY,48,34000,Associate,1
Walker,Heavynne,Staff,CA,32,103000,Master,10
Columbo,Lea,Staff,PA,23,84000,Master,6
Argelander,Felix,Jr.Staff,CT,58,58000,Bachelor,8
Malcah,David,Jr.Staff,PA,73,46000,Bachelor,9
Takacs,Katerina,Jr.Staff,WY,53,58000,Bachelor,2
Janis,Clarita,Jr.Staff,CA,49,46000,Bachelor,2
Watson,Archer,Staff,PA,61,85000,Master,1
Segura,Mario,Staff,KS,65,79000,Bachelor,6
Albergati,Laura,Jr.Staff,NC,28,38000,Bachelor,6
Nichols,Alexa,Staff,IA,62,101000,Bachelor,3
Meador,Hannah,Intern,PA,26,25000,Associate,1
Catazara,Annunciato,Jr.Staff,NY,27,44000,Associate,10
Morris,Garth,Intern,WY,23,17000,Bachelor,1
Sschwendt,Lucas,Staff,NY,70,100000,Master,5
Edwards,Stacy,Staff,GA,68,91000,Master,6
Sandoval,Kate,Staff,VT,24,77000,Master,9
Klopfer,Saturnina,Staff,GA,62,88000,Master,8
Baldato,Stella,Staff,DE,18,73000,Master,10
Crocker,Jillian,Staff,NY,69,90000,Master,7
Turner,Comfort,Staff,CA,52,61000,Bachelor,11
Allen,Sherman,Intern,MI,25,13000,Associate,1
Ward,Tracey,Staff,NY,35,68000,Master,8
Shanks,Cheyenne,Jr.Staff,SD,53,39000,Bachelor,4
Camp,Cesar,Manager,NC,58,150000,Bachelor,12
Brock,Mariana,Jr.Staff,DE,38,43000,Bachelor,10
Morgan,Paisley,Intern,NC,67,31000,Bachelor,1
Liakos,Pandora,Intern,WA,59,32000,H.S.,2
Myles,Juliana,Jr.Staff,AR,72,50000,Bachelor,1
Edwards,Hartwell,Jr.Staff,OR,36,39000,Bachelor,2
Kamp,Monique,Staff,NV,77,102000,Master,8
Watts,Amy,Intern,CA,20,34000,H.S.,1
Vittorio,Teresa,Intern,WA,28,21000,Associate,1
Rosener,Alexander,Staff,GA,65,91000,Bachelor,3
Seay,Owen,Staff,MD,59,102000,Master,2
Canepanova,Dafne,Jr.Staff,NY,29,47000,Master,6
Ivanov,Katerina,Jr.Staff,AR,76,48000,Master,1
Kemp,Kyra,Jr.Staff,MN,32,45000,Bachelor,6
Thomas,Stacy,Staff,MD,47,81000,Bachelor,7
Peden,Vesta,Staff,MD,34,103000,Master,7
Graves,Cassandra,Jr.Staff,NJ,76,54000,Bachelor,4
Hill,Hayden,Staff,TX,30,64000,Bachelor,11
Di,Clio,Staff,CA,69,82000,Master,4
Cisneros,Karina,Intern,UT,19,13000,H.S.,1
Martin,Eleanor,Staff,AZ,24,73000,Master,4
Donahue,Bryan,Jr.Staff,UT,25,48000,Master,7
Meyer,Crystal,Staff,MA,67,87000,Master,10
Wilder,Casey,Jr.Staff,MT,44,50000,Bachelor,3
Morris,Shelly,Jr.Staff,GA,57,47000,Master,5
Seaman,Julie,Jr.Staff,NY,28,36000,Associate,4
Morris,Katherine,Staff,SD,35,60000,Bachelor,7
Mullins,Joselyn,Intern,CA,55,23000,Associate,1
Farkas,Kristyna,Jr.Staff,CA,75,44000,Associate,9
Moshe,Mariah,Intern,NM,47,35000,Bachelor,1
Keen,Diana,Intern,NY,45,32000,H.S.,3
Secci,Dora,Staff,CT,25,88000,Master,2
Phillips,Clayland,Staff,DE,57,103000,Master,1
Walker,Margaret,Staff,ND,34,75000,Master,10
Edwards,Eleanor,Intern,CT,62,24000,Master,1
Ochion,Noam,Intern,NH,25,30000,Bachelor,1
Halvorsen,Oscar,Staff,PA,37,98000,Bachelor,11
Svensson,Ida,Sr.Staff,OR,65,119000,Ph.D.,18
Hill,Darcie,Jr.Staff,ND,77,53000,Bachelor,8
Saar,Juozas,Jr.Staff,MT,76,37000,Bachelor,10
Thomas,Synclair,Jr.Staff,PA,71,50000,Bachelor,7
Cardenas,Vanessa,Jr.Staff,NY,24,44000,Associate,7
Hovath,Adam,Staff,WY,53,95000,Master,4
James,Rebecca,Staff,NY,59,75000,Master,5
Ochion,George,Jr.Staff,CO,69,44000,Associate,7
Allen,Hollye,Staff,DE,47,106000,Master,5
Wright,Dorothea,Staff,WA,76,106000,Bachelor,9
Bonaiceti,Iolanda,Staff,PA,27,77000,Master,1
Kimball,Jeremy,Intern,CO,34,34000,Associate,1
Martin,Holli,Staff,CT,28,64000,Bachelor,3
Moody,Angelo,Staff,PA,69,74000,Master,4
Carlsson,Siiri,Intern,MT,65,18000,H.S.,1
Pettersen,Agnes,Staff,IA,51,80000,Master,7
Jansson,Filip,Staff,ID,32,106000,Master,2
Pittman,Guadalupe,Intern,ND,22,13000,Associate,1
Sotomayor,Erin,Intern,NY,63,23000,Associate,1
Pryor,Diego,Intern,NY,19,13000,Associate,1
Lano,Addolorata,Staff,MD,50,79000,Master,2
Roberts,Hayden,Staff,OH,25,108000,Master,7
Troutman,Peter,Jr.Staff,OR,28,37000,Bachelor,3
Scarborough,Jacqueline,Staff,DE,68,109000,Bachelor,3
Reaves,Kiley,Staff,MT,31,109000,Master,6
Olah,Filip,Staff,MA,43,92000,Master,4
Champion,Keira,Jr.Staff,OH,44,55000,Bachelor,10
Luik,Adela,Jr.Staff,WY,69,57000,Bachelor,7
Szabo,Jan,Staff,MO,47,106000,Master,2
Robbins,Jaelyn,Staff,MD,28,89000,Master,10
Turner,Edith,Intern,GA,36,34000,Associate,1
Cooper,Irisa,Intern,NY,64,24000,Master,1
Lemon,Angelo,Staff,UT,61,62000,Bachelor,2
Childs,Tanja,Staff,AZ,37,72000,Master,8
Andersson,Lauri,Manager,UT,41,159000,Ph.D.,17
Shah,Santiago,Staff,WY,70,64000,Bachelor,3
Smallwood,Layla,Staff,UT,31,64000,Bachelor,4
Baginski,Kaylene,Jr.Staff,CT,50,41000,H.S.,3
Greene,Cade,Intern,GA,37,33000,Bachelor,1
Brown,Phyllis,Sr.Staff,GA,58,134000,Ph.D.,21
Sumner,Garrett,Intern,KS,44,32000,Bachelor,1
Grogan,Blake,Staff,AZ,74,71000,Master,7
Mosley,Isaac,Staff,CA,41,61000,Bachelor,4
King,Ruth,Jr.Staff,GA,42,48000,Master,8
Alicea,Kayden,Staff,MA,23,71000,Master,8
Oneill,Abraham,Jr.Staff,PA,74,37000,Bachelor,9
Mcarthur,Kaiden,Intern,TX,67,13000,H.S.,1
Montgomery,Jacob,Staff,CO,68,92000,Master,9
Jones,Tiffany,Staff,GA,24,67000,Master,2
Good,Kaylie,Staff,MA,77,81000,Bachelor,2
Virtanen,Kristian,Intern,WI,53,22000,Bachelor,2
Tubbs,Cesar,Jr.Staff,ND,22,43000,Bachelor,4
Prochazka,Aneta,Intern,IA,29,17000,Bachelor,1
Lester,Jose,Jr.Staff,NY,20,48000,Master,3
Larsen,Wilma,Jr.Staff,KS,23,52000,Bachelor,4
Cook,Antonio,Staff,CO,53,70000,Master,5
Hay,Chris,Staff,CT,77,94000,Master,7
Meek,Kingston,Staff,NV,25,98000,Ph.D.,9
Streit,Lula,Staff,AZ,33,82000,Master,8
Bess,Quinn,Staff,MA,27,102000,Master,11
Clark,Paisley,Intern,CA,22,13000,Associate,1
Merchant,Jenna,Intern,NY,52,31000,Bachelor,1
Novotny,Diana,Staff,CO,77,68000,Master,7
Cedronelli,Orlando,Sr.Staff,AZ,55,138000,Ph.D.,12
Oliver,Savanna,Intern,CA,38,26000,Bachelor,2
Nichols,Jameson,Staff,PA,46,95000,Master,4
Watson,William,Intern,CA,63,20000,Bachelor,1
Ivanov,Markus,Staff,MD,47,75000,Master,10
Cheney,Erik,Intern,MN,71,31000,Bachelor,1
Treece,Louetta,Staff,TX,21,65000,Master,7
Lewis,Chick,Jr.Staff,FL,67,40000,Associate,11
Ward,Shelley,Staff,CO,21,76000,Master,7
Dewitt,Carlos,Staff,WI,36,105000,Master,4
Casey,Kayden,Staff,ID,77,95000,Master,8
Hopper,Edwin,Staff,MN,58,70000,Master,7
West,Hayley,Intern,WY,78,26000,Bachelor,1
Darnell,Lila,Intern,TX,40,35000,H.S.,1
Squillino,Berenice,Jr.Staff,UT,23,45000,Associate,3
McCarthy,Rowan,Staff,NY,28,78000,Master,5
Wilkerson,Mary,Jr.Staff,CA,70,44000,Associate,2
Seal,Pedro,Manager,NY,34,169000,Ph.D.,12
Fodor,Natalie,Intern,IL,19,29000,Bachelor,1
Young,Diana,Staff,DE,40,65000,Master,6
Johnson,Nicholas,Staff,MN,73,85000,H.S.,8
Segel,Dima,Jr.Staff,FL,64,53000,Bachelor,11
Mason,Elias,Staff,GA,53,89000,Master,5
Larsen,Ida,Intern,CA,37,34000,Associate,1
Kolar,Tanisha,Jr.Staff,TX,62,52000,Bachelor,3
Robinson,Gwendolyn,Staff,NV,20,85000,H.S.,4
Coutts,Kristin,Intern,WI,66,18000,Associate,1
Hess,Luke,Staff,MD,28,89000,Master,4
Morris,Melisande,Jr.Staff,NY,52,45000,Bachelor,2
Piontelli,Paolino,Intern,AL,66,13000,H.S.,1
Parker,Ethelda,Intern,GA,59,13000,Associate,1
Hatch,Kiera,Staff,MD,19,76000,Master,6
Taylor,Phoebe,Staff,TX,20,68000,Master,4
Baker,Victoria,Staff,HI,39,102000,Bachelor,9
Allen,Mark,Jr.Staff,PA,60,49000,Master,8
Morgan,Hermoine,Jr.Staff,MA,51,53000,Bachelor,9
Fangio,Gioconda,Intern,NY,31,19000,Bachelor,1
Hill,Heavynne,Intern,AZ,61,28000,Master,1
Mojica,Maddox,Intern,AR,41,19000,Associate,1
Burks,Melanie,Staff,IL,43,89000,Master,2
Gabai,Adi,Jr.Staff,CA,19,37000,H.S.,5
Hacker,Isaiah,Intern,UT,28,21000,Associate,2
Anderson,Amelia,Staff,CT,71,98000,Master,9
Ly,Danny,Jr.Staff,DE,63,46000,Master,2
Cardwell,Xavier,Jr.Staff,HI,67,50000,Bachelor,7
Lundy,Donald,Intern,CA,25,32000,Bachelor,2
Boti,Claudia,Staff,WI,43,103000,Master,9
Waterbury,Angelic,Intern,WY,39,12000,H.S.,1
Levin,Aya,Staff,WY,48,104000,Master,2
Makinen,Hanna,Staff,DE,37,72000,Master,3
Savage,Melissa,Staff,OH,37,97000,Master,3
Pennington,Silva,Sr.Staff,KS,37,129000,Master,14
Torricelli,Carmela,Staff,CA,62,102000,Master,11
Tamm,Katherine,Jr.Staff,TX,63,36000,Associate,5
Patel,Rachel,Jr.Staff,ND,43,49000,H.S.,2
Pogiali,Valentino,Jr.Staff,TX,22,55000,Bachelor,6
Easter,Sabrina,Staff,NM,23,95000,Master,9
Helwich,Maximilian,Staff,GA,55,108000,Bachelor,1
Ridley,Catherine,Staff,MI,72,62000,Bachelor,3
Wilcox,Andrew,Jr.Staff,CO,68,43000,Bachelor,6
Clark,Aster,Staff,VT,34,93000,Ph.D.,2
Pereira,Aiden,Jr.Staff,TX,64,55000,Master,3
Jaworski,September,Staff,NY,77,109000,Bachelor,6
Barbour,Joel,Intern,DE,22,27000,Master,1
Giles,Grant,Sr.Staff,SC,29,126000,Master,11
Hagen,Siiri,Jr.Staff,NY,58,52000,Bachelor,6
Harris,Enock,Staff,CO,28,62000,Bachelor,4
Deffenu,Ortensia,Staff,WI,23,66000,Master,6
Garza,Trenton,Staff,MA,72,89000,Master,7
Buchanan,Jonah,Jr.Staff,ID,19,48000,Master,2
Petty,Maggie,Staff,MA,71,89000,Master,8
Martin,Eliezer,Staff,ND,76,79000,Master,7
Cugnoni,Isabella,Jr.Staff,GA,31,38000,Associate,5
Hovath,Laura,Intern,NY,74,26000,Bachelor,1
Christian,Kamilah,Staff,PA,43,97000,Master,9
Walker,Gelsey,Staff,MA,38,90000,Master,4
Martin,Avery,Intern,WI,56,22000,Associate,1
Wood,Graham,Staff,IA,76,94000,Master,4
King,Callista,Staff,ND,72,93000,Master,3
Bowen,Jordan,Intern,MN,31,26000,Bachelor,1
Prochazka,Jan,Staff,GA,74,102000,Master,7
Whitaker,Peter,Staff,IL,40,72000,Master,10
Kucera,Adam,Jr.Staff,KY,31,52000,Bachelor,6
Willard,Bella,Sr.Staff,NM,53,133000,Master,10
Jones,Truly,Staff,WI,37,94000,Master,4
Alicea,Skylar,Intern,UT,75,23000,Associate,1
Renner,Jason,Staff,NY,40,81000,Master,4
Scotto,Samuele,Sr.Staff,ND,63,110000,Master,9
Allen,Fisk,Staff,TX,34,80000,Master,4
Boyce,Aniyah,Staff,NY,20,68000,Master,10
Shapira,Amir,Staff,CA,44,101000,Ph.D.,4
Wiesenthal,Tobias,Sr.Staff,AR,22,143000,Ph.D.,4
Ratliff,David,Staff,ID,38,100000,Master,10
Watson,Ruby,Staff,HI,64,86000,H.S.,8
Schofield,Danica,Intern,IL,67,34000,Associate,1
Roberts,Fuller,Jr.Staff,NJ,19,51000,Bachelor,4
Shapira,Mariah,Staff,NY,30,87000,Master,5
Belloi,Giovanni,Staff,AR,32,78000,Master,5
Moore,Jennessa,Staff,NY,62,80000,Master,9
Clark,Letitia,Intern,WI,55,25000,Associate,1
Watson,Esme,Manager,NY,34,195000,Master,13
Minor,Luis,Staff,NY,26,65000,Bachelor,4
Thomas,Susannah,Jr.Staff,NV,72,38000,Associate,10
Adrei,Majd,Staff,CO,53,97000,Master,2
Thomason,Gabriela,Jr.Staff,UT,23,39000,Associate,4
Mata,Ryder,Intern,ND,69,19000,Associate,1
Smith,Melanie,Jr.Staff,CA,74,50000,Bachelor,1
Rico,Alberto,Staff,UT,65,107000,Bachelor,7
King,Susannah,Intern,NM,31,26000,Bachelor,1
Terry,Juliana,Jr.Staff,PA,52,50000,Bachelor,1
Bueno,Casey,Staff,UT,54,70000,Master,8
Stepp,Cruz,Staff,GA,58,60000,Bachelor,7
Bonamoni,Sempronia,Jr.Staff,MI,64,41000,H.S.,6
Elder,Adriana,Intern,VT,54,32000,Bachelor,1
Chu,Thomas,Jr.Staff,AR,27,39000,Bachelor,4
Strong,Eduardo,Jr.Staff,MT,47,44000,Bachelor,4
Dowell,Violet,Jr.Staff,CA,76,51000,Bachelor,4
Oneill,Rodrigo,Intern,CT,31,35000,H.S.,2
Lewis,Heavynne,Staff,GA,71,106000,Master,9
Thompson,Hirom,Staff,IL,58,86000,H.S.,5
Trent,Nathaniel,Jr.Staff,TX,26,54000,Bachelor,4
Carlson,Ryder,Intern,DE,30,14000,H.S.,1
Combs,Kevin,Staff,PA,63,65000,Bachelor,6
Catoe,Howard,Staff,CA,47,102000,Master,8
Chazan,Noa,Jr.Staff,ID,33,58000,Bachelor,8
Caldwell,Ethan,Jr.Staff,MN,34,47000,Master,11
Lewis,Emma,Intern,ID,58,12000,H.S.,1
Willey,Felix,Staff,NY,41,75000,Master,1
Pryor,Hunter,Jr.Staff,CT,62,40000,Associate,3
Shapira,Maya,Jr.Staff,UT,42,45000,Bachelor,6
Gabai,Uri,Staff,CO,26,89000,Ph.D.,8
Whitten,Giselle,Staff,NY,71,104000,Master,7
Jefferson,Kameron,Intern,NY,25,13000,Associate,1
Taylor,Cynthia,Staff,MD,58,109000,Master,9
Graf,Diego,Staff,WI,55,92000,Master,4
Robinson,Sebastian,Jr.Staff,CT,49,37000,Bachelor,10
Newsome,Cameron,Jr.Staff,CO,29,48000,Master,9
Tal,Roi,Staff,MT,53,78000,Master,3
Lambert,Julian,Jr.Staff,CA,26,49000,Master,2
Sena,Severo,Jr.Staff,PA,20,56000,Bachelor,2
Sousa,Kennedy,Jr.Staff,NV,65,54000,Bachelor,6
Buckner,Riley,Staff,VT,38,84000,Master,5
Green,Melanie,Intern,PA,56,33000,Bachelor,1
Harman,Gabriel,Intern,NC,30,26000,Bachelor,1
Boucher,Connor,Jr.Staff,TX,30,46000,Bachelor,1
Sipe,Leonardo,Staff,MA,58,60000,Ph.D.,4
Yi,Mitchell,Jr.Staff,TX,40,53000,Bachelor,5
Turner,Corby,Staff,HI,23,76000,Master,2
Schwartz,Angelo,Intern,PA,61,12000,H.S.,1
Bland,Bianca,Intern,PA,37,24000,Master,1
Ware,Adam,Staff,CA,68,84000,Master,10
Johannessen,Sara,Jr.Staff,TX,25,52000,Bachelor,6
Dahan,Noa,Staff,PA,32,61000,Bachelor,10
Brown,Fleta,Staff,CA,67,98000,Master,2
Gal,Aneta,Jr.Staff,CT,34,50000,Bachelor,11
Ryan,Anthony,Jr.Staff,IA,24,40000,Associate,3
Cockrell,Nicholas,Intern,NY,29,21000,Associate,2
Wilson,Evelyn,Jr.Staff,GA,31,46000,Master,4
Robinson,Kyne,Intern,ND,33,23000,Associate,1
Jackson,Gordon,Jr.Staff,MN,59,41000,H.S.,7
Moore,William,Intern,CO,44,28000,Master,1
Wright,Cynthia,Intern,MD,67,21000,Associate,1
Felder,Lukas,Intern,UT,70,13000,Associate,1
Schliessmann,Daniel,Sr.Staff,NM,30,117000,Master,8
Melara,Avery,Jr.Staff,VT,59,48000,Master,2
Davis,Filbert,Intern,CA,77,33000,Bachelor,2
Friedman,Noa,Intern,NY,55,34000,Bachelor,1
Willard,Jaxson,Staff,MA,64,63000,H.S.,7
Bell,Parker,Staff,HI,63,86000,H.S.,4
Tobin,Elijah,Jr.Staff,NY,77,44000,Associate,2
Evans,Tabitha,Staff,NY,28,74000,Master,5
Wright,Orrick,Intern,AR,28,29000,Master,1
Ng,Lauren,Intern,PA,43,12000,H.S.,3
Trahan,Xander,Staff,IL,22,75000,Master,3
Muncy,Genesis,Intern,CT,57,32000,Bachelor,1
Pressley,Ayden,Staff,PA,60,74000,Master,5
Bayer,Lesa,Intern,KS,70,29000,Bachelor,1
Hartman,Graham,Staff,MN,64,73000,Master,9
Tibaldi,Lidia,Intern,NM,38,29000,Master,1
Cohen,Agam,Staff,MT,49,97000,Master,7
Villa,Dorotea,Staff,MA,26,64000,Bachelor,9
Jacques,Kendra,Intern,HI,46,26000,Bachelor,1
Thomas,Fern,Staff,CA,30,71000,Master,10
Hager,Danica,Jr.Staff,FL,56,44000,Associate,5
Williams,Clare,Intern,PA,59,19000,Associate,1
Gal,Sander,Staff,TX,26,68000,Master,8
Perkins,Wesley,Staff,CA,59,74000,Master,5
Alexander,Caden,Staff,OR,37,96000,Master,5
Kocsis,Matej,Staff,MA,38,71000,Master,7
Schmitt,Izabella,Staff,MD,43,82000,Master,2
Pritchett,Shawn,Staff,CO,19,87000,Master,2
Edwards,Hillary,Intern,FL,24,23000,Bachelor,1
Morrow,Nolan,Jr.Staff,PA,60,54000,Bachelor,5
Hill,Fern,Staff,HI,64,105000,Master,4
Allen,Eleanor,Staff,AR,21,92000,Bachelor,7
Lombardi,Everett,Intern,GA,70,26000,Bachelor,1
Summerville,Roxanne,Sr.Staff,MN,67,120000,Bachelor,23
Hatton,Luna,Staff,MT,68,103000,Master,2
Davies,Rosamund,Jr.Staff,WI,35,54000,Bachelor,3
Cooper,Ruben,Staff,MA,29,69000,Master,10
East,Natalie,Staff,DE,37,95000,Master,7
Cooper,Chip,Jr.Staff,MD,42,52000,Bachelor,10
Moratti,Clio,Staff,CT,37,69000,Master,5
Boucher,Phillip,Jr.Staff,NY,70,42000,Associate,9
Olsson,Thea,Staff,MT,41,109000,Master,7
Rosa,Lilly,Jr.Staff,NV,59,55000,Bachelor,6
Cardona,Julia,Staff,SC,65,92000,Bachelor,8
Asher,Elinore,Staff,OH,59,73000,Master,6
Cloud,Darius,Intern,UT,29,33000,H.S.,2
Kukk,Anna,Intern,MT,23,19000,Bachelor,1
Weisbrod,Russ,Staff,ID,22,76000,Master,11
Edwards,Virginia,Staff,MN,78,70000,Master,5
Krebs,Bryson,Staff,AZ,74,89000,Master,2
Turner,Naomi,Staff,PA,76,89000,Ph.D.,10
Tubbs,Jaiden,Staff,CA,44,61000,Bachelor,3
Ochion,Agam,Staff,AL,29,62000,Ph.D.,3
Hogue,Landen,Jr.Staff,TX,64,37000,Bachelor,11
Ward,Susannah,Jr.Staff,MN,26,50000,Bachelor,4
Escamilla,Beau,Intern,WA,28,22000,Bachelor,1
Levin,Karin,Intern,CO,25,19000,Associate,2
Makinen,Sara,Staff,NY,23,94000,Master,5
Weathers,Ava,Staff,PA,58,81000,Master,8
Reineri,Celemente,Staff,CA,74,64000,Bachelor,7
Hill,Berenice,Intern,CA,77,19000,Associate,1
Calazzo,Riccardino,Intern,CA,20,15000,Bachelor,1
Rader,Hailey,Manager,NJ,35,151000,Ph.D.,9
Lopez,Donovan,Staff,PA,55,108000,Master,6
Larsson,Eetu,Intern,MD,64,16000,Bachelor,1
Baird,Bryson,Staff,NY,61,87000,Ph.D.,2
Oja,Theresa,Intern,UT,59,28000,Master,1
Regan,Madilyn,Jr.Staff,MT,26,39000,Bachelor,6
Dicaprio,Leonardo,Manager,CO,62,190000,Ph.D.,24
Nelson,Dawson,Staff,CA,59,86000,Ph.D.,5
Lyman,Josue,Staff,MT,59,70000,Master,6
Dvorak,Anna,Jr.Staff,CA,20,40000,Associate,4
Fritsch,Rebeca,Jr.Staff,NY,27,55000,Bachelor,2
Clark,Berenice,Staff,HI,44,104000,Master,9
James,Jade,Intern,PA,73,12000,H.S.,1
Scott,Barnaby,Intern,MN,62,17000,Associate,2
York,Rafael,Intern,AL,54,29000,Bachelor,1
Smith,Paisley,Staff,CA,21,73000,Master,9
Jude,Jace,Intern,NY,28,28000,Master,1
Rapp,Michael,Intern,KS,64,29000,Bachelor,1
Wilson,Fiona,Staff,NM,19,87000,Master,3
Gallant,Nathan,Intern,CA,36,30000,Bachelor,1
Moore,Jennessa,Jr.Staff,CA,26,54000,Master,7
Irwin,Jayce,Jr.Staff,MN,34,50000,Bachelor,2
Ekhoff,Carley,Intern,GA,18,24000,Master,1
Vernon,Natalie,Jr.Staff,PA,27,44000,Associate,3
Godwin,Kyle,Intern,GA,43,12000,H.S.,2
Morris,Jared,Jr.Staff,NH,49,38000,Associate,10
Mcpherson,Michael,Jr.Staff,CO,29,40000,Associate,5
Watson,Hayden,Staff,NY,62,106000,Master,3
Evans,Diamond,Staff,NY,66,108000,Master,3
Barnes,Braeden,Staff,NV,76,79000,Bachelor,7
Roberts,Walter,Staff,ID,41,70000,Master,6
Bell,Jennelle,Staff,CO,70,94000,Master,6
Carone,Feo,Sr.Staff,CA,32,128000,Bachelor,13
Thompson,Kemp,Jr.Staff,AR,38,48000,Master,6
Williford,Fernanda,Jr.Staff,IA,43,59000,Bachelor,10
Kristiansen,Linnea,Jr.Staff,CT,71,36000,Associate,6
Epperson,Tristan,Staff,MT,22,100000,Master,11
Clark,Comfort,Staff,NV,35,79000,Master,11
Koppel,Tomas,Jr.Staff,ID,61,42000,Associate,8
Ridolfi,Annetta,Jr.Staff,FL,40,51000,Bachelor,7
Galimberti,Lisa,Intern,SC,77,34000,Associate,1
Hall,Nicholas,Staff,DE,68,95000,Master,3
Bellarmine,Rosina,Intern,NY,45,19000,Associate,1
Clark,Sherman,Jr.Staff,NY,71,41000,H.S.,3
Tharp,Alyssa,Manager,OR,28,151000,Ph.D.,8
Craxi,Nicolo,Staff,MA,63,86000,H.S.,2
Barbadori,Annina,Jr.Staff,NY,34,43000,Bachelor,9
Eller,Kai,Intern,NC,25,17000,Bachelor,1
Edwards,Addison,Staff,CA,41,84000,Bachelor,8
Clark,Kemp,Jr.Staff,NV,25,49000,H.S.,2
Rapp,Marley,Staff,CT,65,98000,Master,2
Yitzchak,David,Staff,NC,71,85000,H.S.,1
May,Ty,Intern,UT,46,28000,Master,1
Lovett,Carlos,Staff,CO,29,73000,Master,2
Larsen,Rachel,Jr.Staff,KS,74,57000,Bachelor,7
Wolery,Tom,Intern,CA,53,21000,Associate,1
Phillips,Hazelle,Intern,AL,74,19000,Associate,1
Clarke,Andy,Jr.Staff,MD,60,45000,Bachelor,8
Chu,Taylor,Jr.Staff,UT,19,51000,Bachelor,7
Kyle,Austin,Intern,NY,53,30000,Bachelor,1
Green,James,Intern,CA,33,33000,Bachelor,1
Johnson,Hampton,Staff,AZ,35,90000,Master,7
Mitchell,Kristian,Staff,MA,42,80000,Master,9
Virtanen,Matias,Staff,MT,76,65000,Master,2
Baez,Elijah,Intern,HI,28,18000,Bachelor,1
Morgan,Luke,Intern,RI,66,14000,H.S.,1
Ouellette,Evelyn,Staff,AR,56,91000,Master,9
Labriola,Lisetta,Staff,MA,67,84000,Master,5
Thompson,Gore,Staff,CO,28,71000,Master,6
Nguyen,Nathan,Intern,NY,38,27000,Master,1
Halvorsen,Joona,Staff,PA,62,62000,Ph.D.,3
Pinter,Laura,Jr.Staff,VA,43,39000,Associate,6
Myles,Arthur,Staff,GA,65,82000,Master,8
Davis,Irisa,Staff,FL,32,61000,Bachelor,5
Hill,Barnabas,Jr.Staff,WI,61,40000,Associate,10
David,Adi,Staff,CA,20,90000,Bachelor,10
Corrao,Casie,Staff,NY,70,99000,Master,3
Bryant,Juliana,Staff,MN,62,73000,Master,8
Shrout,Gabriele,Staff,MN,31,88000,Master,2
Johnson,Aldan,Staff,FL,48,104000,Master,6
Geary,Jordan,Staff,MN,37,102000,Master,6
Ashkenazi,Maya,Staff,PA,50,88000,Bachelor,10
Williams,Judith,Intern,CA,20,26000,Bachelor,1
Espinoza,Payton,Staff,PA,45,82000,Master,6
Kaplan,Annie,Staff,NY,52,98000,Master,10
Overton,Mackenzie,Intern,OH,65,19000,Bachelor,1
Haines,Jacob,Staff,NY,37,82000,Master,5
Wright,Penelope,Intern,MT,55,19000,Bachelor,1
Tanner,Sebastian,Staff,PA,52,88000,Master,10
English,Wesley,Intern,CO,52,19000,Bachelor,1
Wood,Phineas,Intern,WI,41,30000,Associate,1
Lim,Grayson,Staff,MA,25,90000,Master,5
Morgan,Duff,Sr.Staff,CT,66,134000,Master,14
Garza,Robert,Staff,NY,23,79000,Master,7
Gale,Frank,Staff,MN,67,83000,Master,4
Ward,Ethelda,Intern,NJ,64,28000,Master,1
Kask,Kristina,Staff,HI,22,85000,Master,5
Ochion,Michael,Jr.Staff,PA,59,52000,Bachelor,10
Adler,Landen,Intern,NV,46,28000,Master,1
Wiley,Jonah,Intern,GA,32,15000,Bachelor,1
Harris,Delia,Staff,AR,56,105000,Master,3
Newton,Diego,Jr.Staff,NY,65,53000,Bachelor,9
Barrera,Elijah,Jr.Staff,PA,26,40000,Associate,10
Rowley,Valeria,Intern,CA,27,31000,Bachelor,1
Bates,Sebastian,Staff,UT,25,97000,Master,6
Knott,Isabelle,Staff,UT,76,94000,Master,11
Beekman,Shayna,Director,AR,29,217000,Ph.D.,10
Harding,Madison,Intern,PA,29,14000,H.S.,1
Massengill,Harvey,Staff,ID,29,107000,Master,10
Blank,Jennifer,Staff,NJ,68,96000,Bachelor,11
Pokorny,Theresa,Jr.Staff,NY,22,47000,Master,6
Elliot,Savanna,Staff,NY,59,79000,Bachelor,1
Woody,Kennedy,Staff,GA,56,85000,H.S.,4
Zuckerberg,Mark,Director,OR,50,219000,Bachelor,17
Mcdermott,Marshall,Jr.Staff,NM,33,44000,Bachelor,2
Jackson,Ferris,Staff,CA,37,98000,Ph.D.,11
Smith,Jill,Staff,WI,67,106000,Master,4
Forsythe,Roman,Intern,PA,31,16000,Associate,1
Fortune,Felix,Jr.Staff,MT,28,48000,Master,8
Umstaedter,Lukas,Jr.Staff,DE,26,46000,Bachelor,7
Lee,Carter,Staff,UT,52,66000,Master,1
Thacker,Kendall,Staff,NY,58,74000,Master,7
Ennis,Madeline,Staff,PA,72,93000,Master,5
Hill,Fairly,Staff,MA,53,101000,Master,4
